"日期","收盘","开盘","高","低","交易量","涨跌幅"
"2023-8-16","37.290","41.830","41.830","37.160","1.42K","-3.93%"
"2023-8-15","38.815","36.835","40.500","36.200","1.70K","12.72%"
"2023-8-14","34.435","36.650","36.655","33.725","0.46K","-2.45%"
"2023-8-11","35.300","37.000","37.025","35.180","0.67K","-4.74%"
"2023-8-10","37.055","37.095","39.465","36.590","1.30K","-6.96%"
"2023-8-9","39.825","33.150","43.245","33.150","0.67K","28.20%"
"2023-8-8","31.065","29.810","31.695","29.785","0.82K","1.90%"
"2023-8-7","30.485","29.800","31.070","29.550","1.38K","5.66%"
"2023-8-4","28.853","29.500","29.785","28.645","1.45K","-5.32%"
"2023-8-3","30.475","29.875","31.350","29.680","2.08K","6.04%"
"2023-8-2","28.740","27.300","29.155","27.300","2.30K","5.95%"
"2023-8-1","27.125","29.115","29.115","26.980","2.04K","-4.37%"
"2023-7-31","28.365","27.805","28.925","27.170","0.62K","9.77%"
"2023-7-28","25.841","27.275","27.275","26.050","1.29K","-9.12%"
"2023-7-27","28.435","29.250","29.450","28.105","0.45K","-2.87%"
"2023-7-26","29.275","32.780","32.780","29.065","0.64K","-10.34%"
"2023-7-25","32.650","30.220","32.870","30.220","0.28K","6.86%"
"2023-7-24","30.555","28.150","30.425","28.150","0.28K","8.49%"
"2023-7-21","28.164","30.000","30.530","28.615","0.22K","0.51%"
"2023-7-20","28.020","25.540","27.915","25.540","0.48K","3.91%"
"2023-7-19","26.965","27.155","28.130","25.590","0.88K","-0.39%"
"2023-7-18","27.070","26.000","27.495","25.265","1.76K","7.85%"
"2023-7-17","25.100","24.465","25.785","24.465","3.05K","-3.30%"
"2023-7-14","25.957","27.570","28.700","25.110","1.82K","-2.44%"
"2023-7-13","26.605","26.885","27.545","26.230","0.37K","-0.13%"
"2023-7-12","26.640","28.455","28.580","26.320","1.54K","-8.33%"
"2023-7-11","29.060","29.930","29.930","28.910","0.54K","-3.85%"
"2023-7-10","30.225","32.830","32.830","29.555","0.77K","-9.72%"
"2023-7-7","33.478","33.300","33.585","32.705","0.26K","3.49%"
"2023-7-6","32.350","33.240","33.240","32.300","1.41K","-5.89%"
"2023-7-5","34.375","33.825","36.110","33.805","0.30K","1.31%"
"2023-7-3","33.930","37.820","37.820","33.995","0.40K","-8.55%"
"2023-6-30","37.103","35.195","37.650","35.195","0.13K","5.47%"
"2023-6-29","35.180","32.300","33.050","32.300","0.04K","3.09%"
"2023-6-28","34.125","33.800","34.400","33.800","0.03K","-1.10%"
"2023-6-27","34.505","32.905","32.905","32.350","0.06K","7.91%"
"2023-6-26","31.975","34.305","34.305","34.155","0.08K","-1.64%"
"2023-6-23","32.507","32.640","33.000","32.385","0.27K","-4.66%"
"2023-6-22","34.095","36.900","36.935","34.055","0.53K","-7.21%"
"2023-6-21","36.745","36.800","38.960","36.770","2.09K","-5.08%"
"2023-6-20","38.710","32.650","39.350","31.880","0.31K","10.57%"
"2023-6-16","35.010","34.550","37.050","32.400","0.10K","-14.91%"
"2023-6-15","41.145","37.350","43.530","37.350","0.18K","7.40%"
"2023-6-14","38.310","34.125","40.055","34.125","0.19K","6.27%"
"2023-6-13","36.050","33.650","35.150","33.650","0.04K","16.16%"
"2023-6-12","31.035","31.605","32.045","29.400","0.20K","-3.17%"
"2023-6-9","32.050","27.150","33.015","27.150","0.28K","18.95%"
"2023-6-8","26.945","26.550","28.500","26.050","0.42K","2.34%"
"2023-6-7","26.330","25.350","26.990","25.200","0.74K","5.91%"
"2023-6-6","24.860","28.300","28.300","24.775","0.33K","-12.71%"
"2023-6-5","28.480","24.250","28.695","24.250","0.08K","20.22%"
"2023-6-2","23.690","23.750","23.845","23.125","0.30K","2.53%"
"2023-6-1","23.105","25.200","25.200","23.430","0.20K","-13.95%"
"2023-5-31","26.850","25.495","27.950","25.495","0.04K","8.79%"
"2023-5-30","24.681","24.681","24.681","24.681","","0.66%"
"2023-5-26","24.520","25.435","25.435","23.790","0.10K","-3.65%"
"2023-5-25","25.450","26.900","26.900","25.290","0.04K","-8.40%"
"2023-5-24","27.785","28.630","28.630","28.630","0.05K","-4.60%"
"2023-5-23","29.125","29.125","29.125","29.125","0.04K","-1.97%"
"2023-5-22","29.710","30.200","30.200","30.200","0.17K","-1.54%"
"2023-5-19","30.175","30.175","30.175","30.175","","1.31%"
"2023-5-18","29.785","29.985","29.985","29.975","0.09K","-6.79%"
"2023-5-17","31.955","32.600","32.600","32.175","0.15K","0.42%"
"2023-5-16","31.820","32.350","32.930","31.635","0.44K","-1.53%"
"2023-5-15","32.315","32.305","33.600","32.000","0.28K","-1.37%"
"2023-5-12","32.765","33.950","33.950","32.350","0.43K","-6.37%"
"2023-5-11","34.995","34.900","35.160","34.670","0.43K","0.00%"
"2023-5-10","34.995","35.700","36.000","34.740","0.21K","-2.66%"
"2023-5-9","35.950","36.625","36.910","35.800","0.26K","-2.51%"
"2023-5-8","36.875","36.850","37.250","36.850","0.03K","0.82%"
"2023-5-5","36.575","35.925","36.790","35.925","0.34K","2.58%"
"2023-5-4","35.655","36.950","36.950","35.700","0.45K","-3.06%"
"2023-5-3","36.780","37.495","37.495","36.400","0.41K","-2.00%"
"2023-5-2","37.530","37.860","38.050","37.275","0.24K","-3.36%"
"2023-5-1","38.835","38.835","38.835","38.835","0.01K","0.77%"
"2023-4-28","38.540","39.800","39.800","38.300","0.00K","-1.28%"
"2023-4-27","39.039","39.039","39.039","39.039","0.02K","1.27%"
"2023-4-26","38.550","38.550","38.550","38.550","","-3.23%"
"2023-4-25","39.835","39.835","39.835","39.835","","-0.23%"
"2023-4-24","39.925","39.925","39.925","39.925","","-0.60%"
"2023-4-21","40.165","40.650","41.150","39.950","0.03K","-0.99%"
"2023-4-20","40.565","40.400","41.020","40.400","0.33K","0.66%"
"2023-4-19","40.300","42.425","42.425","39.805","0.21K","-5.66%"
"2023-4-18","42.720","41.505","42.990","41.505","0.14K","3.88%"
"2023-4-17","41.125","42.185","42.185","41.050","0.27K","-0.06%"
"2023-4-14","41.150","41.050","41.880","41.050","0.28K","-2.24%"
"2023-4-13","42.095","42.600","42.605","41.945","0.16K","-1.83%"
"2023-4-12","42.880","43.295","43.900","42.940","0.09K","-1.85%"
"2023-4-11","43.690","43.100","44.365","42.425","0.09K","1.31%"
"2023-4-10","43.125","43.125","43.125","43.125","","0.00%"
"2023-4-6","43.125","43.765","44.000","42.895","0.07K","-3.25%"
"2023-4-5","44.575","46.600","47.200","44.400","0.11K","-4.28%"
"2023-4-4","46.570","48.945","48.945","45.825","0.13K","-9.34%"
"2023-4-3","51.365","49.900","51.835","49.900","0.08K","7.36%"
"2023-3-31","47.845","44.950","44.950","44.950","0.01K","9.71%"
"2023-3-30","43.609","43.609","43.609","43.609","0.00K","1.88%"
"2023-3-29","42.805","42.805","42.805","42.805","","0.13%"
"2023-3-28","42.750","42.830","42.830","42.830","0.01K","0.52%"
"2023-3-27","42.530","42.530","42.530","42.530","","3.49%"
"2023-3-24","41.095","41.750","41.750","41.750","0.01K","-4.84%"
"2023-3-23","43.185","42.600","43.810","42.245","0.19K","8.03%"
"2023-3-22","39.975","41.550","41.550","39.945","0.11K","-5.72%"
"2023-3-21","42.400","38.985","41.500","38.985","0.05K","7.82%"
"2023-3-20","39.325","40.100","40.700","38.855","0.07K","-8.24%"
"2023-3-17","42.855","43.800","44.000","42.320","0.14K","-3.35%"
"2023-3-16","44.340","42.000","44.650","42.000","0.04K","3.34%"
"2023-3-15","42.905","43.850","43.900","42.650","0.02K","-2.90%"
"2023-3-14","44.185","46.750","46.750","44.545","0.14K","-10.89%"
"2023-3-13","49.585","49.250","51.825","48.800","0.04K","-6.19%"
"2023-3-10","52.855","48.000","54.230","45.300","0.03K","21.23%"
"2023-3-9","43.600","41.150","41.150","41.150","0.00K","2.98%"
"2023-3-8","42.340","44.600","44.600","44.600","0.03K","-2.37%"
"2023-3-7","43.370","42.800","43.650","42.800","0.02K","2.89%"
"2023-3-6","42.150","43.300","43.300","41.700","0.01K","-6.29%"
"2023-3-3","44.980","45.650","46.285","45.075","0.01K","-3.92%"
"2023-3-2","46.815","47.500","47.500","47.300","0.00K","-0.57%"
"2023-3-1","47.085","47.250","48.200","47.000","0.01K","0.90%"
"2023-2-28","46.665","48.000","48.000","46.700","0.00K","-1.34%"
"2023-2-27","47.299","47.299","47.299","47.299","","-7.28%"
"2023-2-24","51.015","51.015","51.015","51.015","","0.46%"
"2023-2-23","50.780","50.780","50.780","50.780","","0.42%"
"2023-2-22","50.570","50.570","50.570","50.570","","4.18%"
"2023-2-21","48.540","50.800","50.800","50.800","0.00K","-1.03%"
"2023-2-17","49.045","49.700","49.700","49.500","0.00K","-5.70%"
"2023-2-16","52.010","54.000","54.000","54.000","0.01K","-4.94%"
"2023-2-15","54.715","54.200","54.200","54.200","0.00K","4.45%"
"2023-2-14","52.385","52.000","52.000","52.000","0.00K","1.32%"
"2023-2-13","51.705","51.705","51.705","51.705","","-4.15%"
"2023-2-10","53.945","53.250","53.250","53.250","0.00K","2.29%"
"2023-2-9","52.735","52.735","52.735","52.735","","-1.77%"
"2023-2-8","53.685","53.685","53.685","53.685","","-3.10%"
"2023-2-7","55.405","57.400","57.700","55.500","0.01K","-4.65%"
"2023-2-6","58.110","58.110","58.110","58.110","","0.38%"
"2023-2-3","57.890","58.000","59.200","57.900","0.01K","1.49%"
"2023-2-2","57.040","57.100","57.100","56.700","0.00K","-4.17%"
"2023-2-1","59.525","57.400","58.200","57.400","0.00K","3.79%"
"2023-1-31","57.350","60.200","60.200","57.400","0.01K","3.98%"
"2023-1-30","55.156","56.850","56.850","55.500","0.01K","-0.49%"
"2023-1-27","55.425","53.500","53.500","53.000","0.01K","1.11%"
"2023-1-26","54.815","56.600","56.600","56.600","0.00K","-3.26%"
"2023-1-25","56.660","57.250","57.250","56.600","0.00K","-2.76%"
"2023-1-24","58.270","58.270","58.270","58.270","","-11.71%"
"2023-1-23","66.000","65.200","65.200","64.600","0.00K","-1.35%"
"2023-1-20","66.900","66.500","66.500","66.500","0.00K","10.19%"
"2023-1-19","60.715","60.300","61.100","60.300","0.02K","-1.61%"
"2023-1-18","61.710","60.000","62.200","60.000","0.01K","2.75%"
"2023-1-17","60.060","65.000","65.000","54.500","0.01K","-7.33%"
"2023-1-13","64.810","66.300","66.300","62.800","0.01K","-2.99%"
"2023-1-12","66.810","69.600","69.600","67.600","0.01K","2.24%"
"2023-1-11","65.345","67.595","67.595","65.500","0.01K","-6.74%"
"2023-1-10","70.070","73.000","76.000","70.200","0.02K","-5.69%"
"2023-1-9","74.300","71.050","75.400","70.100","0.01K","6.85%"
"2023-1-6","69.535","72.000","76.000","68.000","0.01K","-3.98%"
"2023-1-5","72.420","72.420","72.420","72.420","","11.38%"
"2023-1-4","65.020","65.020","65.020","65.020","","-10.09%"
"2023-1-3","72.315","72.315","72.315","72.315","","-5.24%"
"2022-12-30","76.315","76.315","76.315","76.315","","-8.96%"
"2022-12-29","83.830","83.830","83.830","83.830","","3.05%"
"2022-12-28","81.350","81.350","81.350","81.350","","1.63%"
"2022-12-27","80.045","80.045","80.045","80.045","","-3.53%"
"2022-12-23","82.975","82.975","82.975","82.975","","-9.75%"
"2022-12-22","91.940","91.940","91.940","91.940","","-5.94%"
"2022-12-21","97.750","97.750","97.750","97.750","","-7.51%"
"2022-12-20","105.690","105.690","105.690","105.690","","-2.63%"
"2022-12-19","108.545","108.545","108.545","108.545","","-5.98%"
"2022-12-16","115.450","115.450","115.450","115.450","","-14.33%"
"2022-12-15","134.765","134.765","134.765","134.765","","2.48%"
"2022-12-14","131.510","131.510","131.510","131.510","","-4.38%"
"2022-12-13","137.530","137.530","137.530","137.530","","0.69%"
"2022-12-12","136.590","136.590","136.590","136.590","","-1.82%"
"2022-12-9","139.115","139.115","139.115","139.115","","0.16%"
"2022-12-8","138.895","138.895","138.895","138.895","","-6.93%"
"2022-12-7","149.245","149.245","149.245","149.245","","7.77%"
"2022-12-6","138.490","138.490","138.490","138.490","","2.81%"
"2022-12-5","134.700","134.700","134.700","134.700","","-0.63%"
"2022-12-2","135.560","135.560","135.560","135.560","","-2.66%"
"2022-12-1","139.260","139.260","139.260","139.260","","-4.87%"
"2022-11-30","146.395","146.395","146.395","146.395","","10.67%"
"2022-11-29","132.286","132.286","132.286","132.286","","7.31%"
"2022-11-28","123.280","123.280","123.280","123.280","","-0.88%"
"2022-11-25","124.370","124.370","124.370","124.370","","-4.05%"
"2022-11-23","129.620","129.620","129.620","129.620","","8.34%"
"2022-11-22","119.640","119.640","119.640","119.640","","3.02%"
"2022-11-21","116.130","116.130","116.130","116.130","","0.54%"
"2022-11-18","115.510","115.510","115.510","115.510","","2.63%"
"2022-11-17","112.555","112.555","112.555","112.555","","-1.18%"
"2022-11-16","113.900","113.900","113.900","113.900","","-8.22%"
"2022-11-15","124.105","124.105","124.105","124.105","","9.15%"
"2022-11-14","113.705","113.705","113.705","113.705","","16.20%"
"2022-11-11","97.855","97.855","97.855","97.855","","-13.75%"
"2022-11-10","113.450","113.450","113.450","113.450","","0.27%"
"2022-11-9","113.145","113.145","113.145","113.145","","-4.23%"
"2022-11-8","118.145","118.145","118.145","118.145","","7.71%"
"2022-11-7","109.685","109.685","109.685","109.685","","-4.44%"
"2022-11-4","114.785","114.785","114.785","114.785","","-8.50%"
"2022-11-3","125.445","125.445","125.445","125.445","","-0.33%"
"2022-11-2","125.865","125.865","125.865","125.865","","8.32%"
"2022-11-1","116.195","116.195","116.195","116.195","","-5.80%"
"2022-10-31","123.350","123.350","123.350","123.350","","9.89%"
"2022-10-28","112.244","112.244","112.244","112.244","","4.52%"
"2022-10-27","107.385","107.385","107.385","107.385","","2.94%"
"2022-10-26","104.320","104.320","104.320","104.320","","4.53%"
"2022-10-25","99.795","99.795","99.795","99.795","","0.63%"
"2022-10-24","99.170","99.170","99.170","99.170","","-12.68%"
"2022-10-21","113.575","113.575","113.575","113.575","","-10.67%"
"2022-10-20","127.145","127.145","127.145","127.145","","13.01%"
"2022-10-19","112.510","112.510","112.510","112.510","","-0.63%"
"2022-10-18","113.220","113.220","113.220","113.220","","-11.53%"
"2022-10-17","127.980","127.980","127.980","127.980","","-9.87%"
"2022-10-14","141.995","141.995","141.995","141.995","","-7.68%"
"2022-10-13","153.810","153.810","153.810","153.810","","-3.98%"
"2022-10-12","160.190","160.190","160.190","160.190","","2.18%"
"2022-10-11","156.780","156.780","156.780","156.780","","1.73%"
"2022-10-10","154.120","154.120","154.120","154.120","","-1.33%"
"2022-10-7","156.205","156.205","156.205","156.205","","-11.10%"
"2022-10-6","175.710","175.710","175.710","175.710","","1.16%"
"2022-10-5","173.695","173.695","173.695","173.695","","7.25%"
"2022-10-4","161.950","161.950","161.950","161.950","","-4.68%"
"2022-10-3","169.910","169.910","169.910","169.910","","-10.01%"
"2022-9-30","188.800","188.800","188.800","188.800","","0.60%"
"2022-9-29","187.665","187.665","187.665","187.665","","-9.42%"
"2022-9-28","207.185","207.185","207.185","207.185","","11.33%"
"2022-9-27","186.100","186.100","186.100","186.100","","7.06%"
"2022-9-26","173.835","173.835","173.835","173.835","","-6.29%"
"2022-9-23","185.495","185.495","185.495","185.495","","-1.05%"
"2022-9-22","187.470","187.470","187.470","187.470","","-1.22%"
"2022-9-21","189.780","189.780","189.780","189.780","","-2.31%"
"2022-9-20","194.260","194.260","194.260","194.260","","6.58%"
"2022-9-19","182.260","182.260","182.260","182.260","","-2.95%"
"2022-9-16","187.795","187.795","187.795","187.795","","-12.36%"
"2022-9-15","214.285","214.285","214.285","214.285","0.01K","-1.65%"
"2022-9-14","217.880","217.880","217.880","217.880","","9.70%"
"2022-9-13","198.610","198.610","198.610","198.610","","4.21%"
"2022-9-12","190.590","190.590","190.590","190.590","","-7.97%"
"2022-9-9","207.090","207.090","207.090","207.090","","-6.10%"
"2022-9-8","220.540","220.540","220.540","220.540","","3.11%"
"2022-9-7","213.885","213.885","213.885","213.885","","-10.82%"
"2022-9-6","239.840","239.840","239.840","239.840","","11.73%"
"2022-9-2","214.665","214.665","214.665","214.665","","-11.66%"
"2022-9-1","243.005","243.005","243.005","243.005","","1.29%"
"2022-8-31","239.905","239.905","239.905","239.905","","-5.15%"
"2022-8-30","252.937","252.937","252.937","252.937","","-7.21%"
"2022-8-29","272.605","272.605","272.605","272.605","","-19.63%"
"2022-8-26","339.195","339.195","339.195","339.195","","5.53%"
"2022-8-25","321.415","321.415","321.415","321.415","","10.02%"
"2022-8-24","292.150","292.150","292.150","292.150","","8.59%"
"2022-8-23","269.050","269.050","269.050","269.050","","-2.78%"
"2022-8-22","276.750","276.750","276.750","276.750","","13.17%"
"2022-8-19","244.550","244.550","244.550","244.550","","1.47%"
"2022-8-18","241.005","241.005","241.005","241.005","","6.72%"
"2022-8-17","225.835","225.835","225.835","225.835","","-0.04%"
"2022-8-16","225.915","225.915","225.915","225.915","","2.64%"
"2022-8-15","220.110","220.110","220.110","220.110","","6.79%"
"2022-8-12","206.110","206.110","206.110","206.110","","-0.96%"
"2022-8-11","208.110","208.110","208.110","208.110","","1.34%"
"2022-8-10","205.365","205.365","205.365","205.365","","6.86%"
"2022-8-9","192.185","192.185","192.185","192.185","","-0.45%"
"2022-8-8","193.055","193.055","193.055","193.055","","-1.66%"
"2022-8-5","196.320","196.320","196.320","196.320","","-1.47%"
"2022-8-4","199.250","199.250","199.250","199.250","","0.03%"
"2022-8-3","199.195","199.195","199.195","199.195","","-2.91%"
"2022-8-2","205.175","205.175","205.175","205.175","","2.18%"
"2022-8-1","200.795","200.795","200.795","200.795","","5.18%"
"2022-7-29","190.915","190.915","190.915","190.915","","-4.03%"
"2022-7-28","198.930","198.930","198.930","198.930","","-3.07%"
"2022-7-27","205.225","205.225","205.225","205.225","","2.65%"
"2022-7-26","199.920","199.920","199.920","199.920","","13.20%"
"2022-7-25","176.615","176.615","176.615","176.615","","10.48%"
"2022-7-22","159.865","159.865","159.865","159.865","","2.74%"
"2022-7-21","155.600","155.600","155.600","155.600","","0.36%"
"2022-7-20","155.040","155.040","155.040","155.040","","0.38%"
"2022-7-19","154.455","154.455","154.455","154.455","","-1.78%"
"2022-7-18","157.260","157.260","157.260","157.260","","-1.44%"
"2022-7-15","159.565","159.565","159.565","159.565","","-8.84%"
"2022-7-14","175.035","175.035","175.035","175.035","","-3.03%"
"2022-7-13","180.505","180.505","180.505","180.505","","4.57%"
"2022-7-12","172.610","172.610","172.610","172.610","","4.92%"
"2022-7-11","164.520","164.520","164.520","164.520","","-6.10%"
"2022-7-8","175.210","175.210","175.210","175.210","","-4.35%"
"2022-7-7","183.185","183.185","183.185","183.185","","7.13%"
"2022-7-6","171.000","171.000","171.000","171.000","","3.59%"
"2022-7-5","165.075","165.075","165.075","165.075","","11.70%"
"2022-7-1","147.785","147.785","147.785","147.785","","2.26%"
"2022-6-30","144.515","144.515","144.515","144.515","","3.53%"
"2022-6-29","139.588","139.588","139.588","139.588","","8.06%"
"2022-6-28","129.175","129.175","129.175","129.175","","-0.22%"
"2022-6-27","129.460","129.460","129.460","129.460","","0.74%"
"2022-6-24","128.505","128.505","128.505","128.505","","-3.63%"
"2022-6-23","133.345","133.345","133.345","133.345","","4.86%"
"2022-6-22","127.170","127.170","127.170","127.170","","1.28%"
"2022-6-21","125.560","125.560","125.560","125.560","","6.64%"
"2022-6-17","117.740","117.740","117.740","117.740","","-5.33%"
"2022-6-16","124.365","124.365","124.365","124.365","","3.35%"
"2022-6-15","120.330","120.330","120.330","120.330","","24.00%"
"2022-6-14","97.040","97.040","97.040","97.040","","16.35%"
"2022-6-13","83.400","83.400","83.400","83.400","","1.13%"
"2022-6-10","82.465","82.465","82.465","82.465","","-2.85%"
"2022-6-9","84.880","84.880","84.880","84.880","","6.90%"
"2022-6-8","79.405","79.405","79.405","79.405","","-0.26%"
"2022-6-7","79.610","80.410","81.020","80.410","0.01K","-3.57%"
"2022-6-6","82.560","83.005","83.005","83.005","0.02K","-0.65%"
"2022-6-3","83.100","83.100","83.100","83.100","","-1.01%"
"2022-6-2","83.945","83.945","83.945","83.945","","-1.88%"
"2022-6-1","85.550","85.550","85.550","85.550","","-8.99%"
"2022-5-31","94.005","94.005","94.005","94.005","","8.21%"
"2022-5-27","86.875","86.250","86.250","86.250","0.01K","1.05%"
"2022-5-26","85.970","85.970","85.970","85.970","","-2.40%"
"2022-5-25","88.080","85.625","86.125","84.840","0.05K","4.23%"
"2022-5-24","84.505","86.875","86.875","86.875","0.01K","1.46%"
"2022-5-23","83.290","85.220","85.220","85.220","0.01K","-5.24%"
"2022-5-20","87.900","87.900","87.900","87.900","","-3.43%"
"2022-5-19","91.025","91.025","91.025","91.025","","-3.72%"
"2022-5-18","94.540","96.475","96.475","96.475","0.01K","0.39%"
"2022-5-17","94.175","94.175","94.175","94.175","","1.42%"
"2022-5-16","92.860","92.860","92.860","92.860","","-4.15%"
"2022-5-13","96.880","96.880","96.880","96.880","","-9.20%"
"2022-5-12","106.700","106.700","106.700","106.700","","13.50%"
"2022-5-11","94.010","94.010","94.010","94.010","","-4.85%"
"2022-5-10","98.800","98.800","98.800","98.800","","5.35%"
"2022-5-9","93.785","96.315","96.315","95.000","0.05K","-7.79%"
"2022-5-6","101.710","101.710","101.710","101.710","","-4.51%"
"2022-5-5","106.510","106.510","106.510","106.510","","2.59%"
"2022-5-4","103.820","103.820","103.820","103.820","","4.42%"
"2022-5-3","99.425","99.425","99.425","99.425","","2.45%"
"2022-5-2","97.050","97.050","97.050","97.050","","-2.41%"
"2022-4-29","99.450","99.450","99.450","99.450","","-0.69%"
"2022-4-28","100.142","100.142","100.142","100.142","","-6.78%"
"2022-4-27","107.425","107.425","107.425","107.425","","4.08%"
"2022-4-26","103.210","103.210","103.210","103.210","","11.18%"
"2022-4-25","92.835","92.835","92.835","92.835","","-2.15%"
"2022-4-22","94.875","94.875","94.875","94.875","","-5.18%"
"2022-4-21","100.060","100.060","100.060","100.060","","6.19%"
"2022-4-20","94.230","96.750","96.750","96.750","0.00K","0.49%"
"2022-4-19","93.770","93.770","93.770","93.770","","-1.93%"
"2022-4-18","95.620","95.620","95.620","95.620","","0.00%"
"2022-4-14","95.620","95.620","95.620","95.620","","-9.21%"
"2022-4-13","105.325","105.325","105.325","105.325","","3.04%"
"2022-4-12","102.220","103.750","103.750","103.750","0.00K","2.08%"
"2022-4-11","100.135","100.135","100.135","100.135","","-3.61%"
"2022-4-8","103.880","103.880","103.880","103.880","","-0.66%"
"2022-4-7","104.565","104.565","104.565","104.565","","-2.08%"
"2022-4-6","106.790","106.790","106.790","106.790","","-1.63%"
"2022-4-5","108.565","108.140","108.140","108.140","0.00K","-0.88%"
"2022-4-4","109.525","109.525","109.525","109.525","0.01K","-2.34%"
"2022-4-1","112.150","114.750","114.750","114.750","0.03K","-10.92%"
"2022-3-31","125.905","125.905","125.905","125.905","","5.83%"
"2022-3-30","118.970","118.970","118.970","118.970","","9.77%"
"2022-3-29","108.380","108.380","108.380","108.380","0.38K","5.69%"
"2022-3-28","102.545","97.600","97.600","97.600","0.00K","1.26%"
"2022-3-25","101.270","101.270","101.270","101.270","0.04K","-9.26%"
"2022-3-24","111.610","116.000","116.000","116.000","0.03K","-4.61%"
"2022-3-23","117.000","117.000","117.000","117.000","","18.49%"
"2022-3-22","98.745","98.745","98.745","98.745","0.01K","2.54%"
"2022-3-21","96.302","98.720","98.720","98.720","0.01K","-8.32%"
"2022-3-18","105.045","105.045","105.045","105.045","0.01K","-0.04%"
"2022-3-17","105.090","110.500","110.500","105.250","0.02K","2.40%"
"2022-3-16","102.625","102.625","102.625","102.625","","-11.10%"
"2022-3-15","115.440","121.690","121.690","121.690","0.00K","0.80%"
"2022-3-14","114.520","114.520","114.520","114.520","0.00K","-12.73%"
"2022-3-11","131.230","131.230","131.230","131.230","","3.82%"
"2022-3-10","126.400","126.400","126.400","126.400","","-18.91%"
"2022-3-9","155.880","155.880","155.880","155.880","","-27.35%"
"2022-3-8","214.555","214.555","214.555","214.555","","-5.57%"
"2022-3-7","227.200","227.200","227.200","227.200","0.01K","18.00%"
"2022-3-4","192.550","192.550","192.550","192.550","0.02K","19.73%"
"2022-3-3","160.825","148.000","148.000","147.490","0.01K","-2.85%"
"2022-3-2","165.545","165.545","165.545","165.545","0.00K","36.06%"
"2022-3-1","121.675","103.665","119.270","103.665","0.43K","23.41%"
"2022-2-28","98.595","116.490","116.490","104.470","0.03K","4.42%"
"2022-2-25","94.422","94.422","94.422","94.422","0.10K","-29.70%"
"2022-2-24","134.315","106.100","135.000","106.100","0.00K","51.10%"
"2022-2-23","88.890","83.175","88.000","83.175","0.04K","11.40%"
"2022-2-22","79.790","71.525","80.345","71.525","0.37K","11.25%"
"2022-2-21","71.720","71.525","75.465","71.525","0.09K","-2.77%"
"2022-2-18","73.760","72.975","73.900","70.570","0.05K","-1.54%"
"2022-2-17","74.915","73.350","75.150","71.340","0.05K","7.34%"
"2022-2-16","69.795","69.095","71.000","68.970","0.10K","-1.59%"
"2022-2-15","70.920","76.060","76.170","68.515","0.13K","-12.20%"
"2022-2-14","80.770","83.600","83.600","79.695","0.30K","4.32%"
"2022-2-11","77.425","73.415","76.400","73.305","0.17K","4.13%"
"2022-2-10","74.355","74.030","74.680","72.470","0.15K","-0.08%"
"2022-2-9","74.415","76.695","76.695","73.835","0.07K","-3.73%"
"2022-2-8","77.300","81.480","82.000","75.480","0.32K","-2.88%"
"2022-2-7","79.595","78.800","79.740","77.850","0.07K","-3.70%"
"2022-2-4","82.650","81.470","82.450","81.470","0.10K","3.02%"
"2022-2-3","80.225","79.600","80.100","77.010","0.33K","3.72%"
"2022-2-2","77.350","77.150","79.100","76.290","0.38K","1.56%"
"2022-2-1","76.165","78.300","78.380","74.800","0.48K","-10.04%"
"2022-1-31","84.670","84.850","84.850","84.850","0.00K","-8.03%"
"2022-1-28","92.062","92.062","92.062","92.062","0.06K","-0.26%"
"2022-1-27","92.300","92.250","92.900","90.310","0.33K","0.51%"
"2022-1-26","91.835","89.395","92.445","89.395","0.07K","-1.86%"
"2022-1-25","93.580","92.385","95.510","92.385","0.05K","0.62%"
"2022-1-24","93.000","88.605","93.600","88.605","0.07K","17.75%"
"2022-1-21","78.980","74.765","81.815","74.765","0.05K","5.02%"
"2022-1-20","75.205","71.000","75.590","71.000","0.05K","-0.52%"
"2022-1-19","75.600","73.950","76.500","71.420","0.05K","-3.49%"
"2022-1-18","78.335","83.275","84.600","74.890","0.13K","0.15%"
"2022-1-17","78.220","84.600","84.600","74.890","0.08K","-10.06%"
"2022-1-14","86.970","89.000","91.800","85.700","0.12K","1.77%"
"2022-1-13","85.460","72.000","85.980","72.000","0.14K","13.71%"
"2022-1-12","75.155","82.250","82.250","73.400","0.09K","-4.55%"
"2022-1-11","78.735","81.225","82.050","80.000","0.04K","-6.94%"
"2022-1-10","84.605","86.500","90.400","84.460","0.07K","-4.05%"
"2022-1-7","88.175","95.800","96.270","86.580","0.03K","-8.63%"
"2022-1-6","96.500","95.265","97.020","93.300","0.07K","5.44%"
"2022-1-5","91.520","95.700","95.700","88.385","0.14K","3.13%"
"2022-1-4","88.740","85.000","96.625","85.000","0.31K","10.33%"
"2022-1-3","80.435","80.435","80.435","80.435","","14.34%"
"2021-12-31","70.345","82.000","82.000","67.365","0.08K","-19.17%"
"2021-12-30","87.027","94.350","94.350","88.050","0.09K","-9.79%"
"2021-12-29","96.475","99.000","104.600","99.000","0.07K","-9.49%"
"2021-12-28","106.590","106.590","106.590","106.590","0.00K","-0.29%"
"2021-12-27","106.895","100.000","105.500","100.000","0.01K","-19.37%"
"2021-12-23","132.580","158.300","158.300","129.360","0.08K","-23.31%"
"2021-12-22","172.875","174.300","176.655","172.720","0.04K","-4.10%"
"2021-12-21","180.265","157.700","174.800","157.700","0.51K","22.69%"
"2021-12-20","146.925","140.820","148.505","139.400","0.41K","7.31%"
"2021-12-17","136.915","124.500","139.500","124.500","0.68K","-4.10%"
"2021-12-16","142.765","128.710","143.000","126.190","0.85K","7.92%"
"2021-12-15","132.285","131.100","132.405","120.600","1.02K","3.11%"
"2021-12-14","128.300","118.950","129.065","116.775","0.64K","10.52%"
"2021-12-13","116.085","115.400","118.625","112.440","0.47K","9.75%"
"2021-12-10","105.775","101.605","107.750","100.830","0.24K","5.31%"
"2021-12-9","100.445","98.500","104.350","97.170","0.42K","-1.04%"
"2021-12-8","101.500","98.600","103.835","98.600","0.36K","5.86%"
"2021-12-7","95.885","95.000","95.880","94.595","0.24K","6.62%"
"2021-12-6","89.930","86.600","90.275","86.600","0.09K","0.50%"
"2021-12-3","89.480","91.590","92.050","89.620","0.09K","-5.64%"
"2021-12-2","94.830","91.600","92.460","89.200","0.17K","-0.88%"
"2021-12-1","95.675","92.600","95.100","92.600","0.29K","3.42%"
"2021-11-30","92.515","98.000","98.000","95.015","0.03K","-0.68%"
"2021-11-29","93.146","94.250","94.250","92.450","0.22K","6.12%"
"2021-11-26","87.772","92.450","94.400","87.750","0.08K","-5.92%"
"2021-11-25","93.300","93.300","93.300","93.300","","-0.73%"
"2021-11-24","93.985","93.850","93.850","93.850","0.01K","3.37%"
"2021-11-23","90.925","86.950","91.400","86.950","0.04K","8.22%"
"2021-11-22","84.015","84.250","86.020","81.950","0.06K","-3.57%"
"2021-11-19","87.125","91.125","91.125","86.000","0.01K","-8.45%"
"2021-11-18","95.165","93.600","95.300","91.365","0.04K","0.17%"
"2021-11-17","95.005","97.990","99.850","95.085","0.05K","0.87%"
"2021-11-16","94.190","84.380","91.490","84.380","0.06K","17.82%"
"2021-11-15","79.945","78.295","82.095","78.285","0.05K","5.64%"
"2021-11-12","75.675","77.770","77.770","74.060","0.03K","1.18%"
"2021-11-11","74.790","72.000","75.100","72.000","0.01K","6.65%"
"2021-11-10","70.125","66.710","70.370","64.505","0.06K","-3.39%"
"2021-11-9","72.585","76.500","76.900","74.005","0.03K","-8.21%"
"2021-11-8","79.075","80.770","80.770","77.005","0.05K","6.82%"
"2021-11-5","74.025","73.160","74.640","73.030","0.08K","0.89%"
"2021-11-4","73.375","77.525","77.525","72.815","0.06K","-4.14%"
"2021-11-3","76.540","73.520","80.045","73.520","0.07K","13.22%"
"2021-11-2","67.605","65.175","70.665","62.840","0.06K","3.02%"
"2021-11-1","65.620","63.590","65.750","63.590","0.01K","1.16%"
"2021-10-29","64.865","72.620","72.620","70.000","0.02K","-15.79%"
"2021-10-28","77.032","78.000","80.600","78.000","0.03K","-11.27%"
"2021-10-27","86.820","86.300","86.950","86.000","0.05K","-1.89%"
"2021-10-26","88.495","90.150","90.200","87.800","0.06K","-0.17%"
"2021-10-25","88.645","91.000","91.000","88.000","0.06K","1.49%"
"2021-10-22","87.340","88.610","88.700","87.000","0.09K","-1.27%"
"2021-10-21","88.465","90.645","90.660","87.815","0.04K","-5.33%"
"2021-10-20","93.450","94.395","94.395","92.750","0.02K","3.91%"
"2021-10-19","89.930","92.150","93.935","89.425","0.06K","-4.26%"
"2021-10-18","93.935","89.350","100.400","89.350","0.04K","0.30%"
"2021-10-15","93.650","104.000","104.000","92.570","0.15K","-8.34%"
"2021-10-14","102.170","102.150","102.255","96.730","0.08K","9.14%"
"2021-10-13","93.615","91.375","94.610","90.290","0.24K","9.24%"
"2021-10-12","85.700","86.310","87.395","85.000","0.60K","0.57%"
"2021-10-11","85.215","92.000","92.135","83.500","0.23K","-2.73%"
"2021-10-8","87.605","95.000","95.675","83.700","0.15K","-9.30%"
"2021-10-7","96.585","89.260","109.470","89.260","0.08K","-10.73%"
"2021-10-6","108.190","131.025","132.930","101.555","0.18K","-6.75%"
"2021-10-5","116.020","95.000","105.610","83.620","0.17K","20.04%"
"2021-10-4","96.650","96.400","99.760","94.235","0.17K","3.23%"
"2021-10-1","93.625","94.665","97.590","93.105","0.20K","-4.24%"
"2021-9-30","97.775","94.920","96.300","93.180","0.05K","12.89%"
"2021-9-29","86.609","86.500","86.500","86.500","0.08K","10.24%"
"2021-9-28","78.565","83.000","84.150","78.950","0.08K","2.69%"
"2021-9-27","76.505","75.000","76.970","75.000","0.28K","8.92%"
"2021-9-24","70.240","68.300","70.890","68.255","0.35K","0.80%"
"2021-9-23","69.685","68.000","70.710","68.000","0.61K","-2.80%"
"2021-9-22","71.690","70.100","72.655","69.925","0.71K","-2.83%"
"2021-9-21","73.780","72.525","75.105","71.250","0.36K","-2.04%"
"2021-9-20","75.315","65.725","75.380","69.805","0.35K","15.69%"
"2021-9-17","65.103","66.750","66.775","62.850","0.38K","2.93%"
"2021-9-16","63.250","68.535","68.535","60.760","0.34K","-10.54%"
"2021-9-15","70.705","71.925","77.275","69.725","0.62K","7.51%"
"2021-9-14","65.765","64.550","66.395","64.550","1.13K","7.32%"
"2021-9-13","61.280","59.350","62.250","59.350","1.02K","5.81%"
"2021-9-10","57.916","56.000","57.995","55.775","1.18K","2.36%"
"2021-9-9","56.580","55.600","57.230","54.730","1.06K","2.33%"
"2021-9-8","55.290","54.175","55.575","53.560","1.43K","2.56%"
"2021-9-7","53.910","53.075","54.185","51.285","2.16K","4.67%"
"2021-9-3","51.505","51.800","52.550","51.290","1.29K","-0.79%"
"2021-9-2","51.915","50.985","52.595","49.715","1.32K","3.35%"
"2021-9-1","50.230","52.250","52.900","49.600","2.05K","-0.22%"
"2021-8-31","50.340","48.580","50.470","48.580","0.20K","1.33%"
"2021-8-30","49.680","48.850","49.430","48.700","0.09K","3.92%"
"2021-8-27","47.806","47.806","47.806","47.806","","4.40%"
"2021-8-26","45.790","44.215","45.845","44.200","0.32K","1.12%"
"2021-8-25","45.285","45.830","46.130","44.775","1.00K","0.92%"
"2021-8-24","44.870","43.625","45.070","43.625","0.16K","7.65%"
"2021-8-23","41.680","42.275","43.535","40.610","0.59K","-0.63%"
"2021-8-20","41.944","41.570","42.625","40.900","0.52K","3.83%"
"2021-8-19","40.395","44.375","44.480","40.100","0.80K","-10.99%"
"2021-8-18","45.385","46.395","47.525","42.795","0.63K","-3.33%"
"2021-8-17","46.950","46.855","47.975","46.675","0.52K","-2.17%"
"2021-8-16","47.990","46.250","48.215","46.250","0.42K","7.53%"
"2021-8-13","44.630","44.415","45.400","44.375","0.76K","-2.70%"
"2021-8-12","45.870","46.150","46.525","45.325","0.77K","-0.25%"
"2021-8-11","45.985","44.975","46.525","44.575","0.52K","2.98%"
"2021-8-10","44.655","44.390","45.025","44.215","0.89K","4.37%"
"2021-8-9","42.785","43.095","43.570","42.450","1.22K","-0.78%"
"2021-8-6","43.120","43.900","44.570","42.675","1.14K","0.51%"
"2021-8-5","42.900","41.570","43.200","41.195","1.26K","1.53%"
"2021-8-4","42.255","41.540","42.260","41.540","0.78K","2.45%"
"2021-8-3","41.245","41.590","42.180","41.120","0.93K","-2.16%"
"2021-8-2","42.155","42.100","42.690","41.815","1.36K","3.44%"
"2021-7-30","40.755","40.510","40.855","39.420","0.39K","-0.97%"
"2021-7-29","41.154","40.350","40.880","40.050","0.72K","3.66%"
"2021-7-28","39.700","38.465","39.715","38.415","0.51K","5.61%"
"2021-7-27","37.590","37.695","37.705","37.260","0.56K","1.83%"
"2021-7-26","36.915","36.140","37.025","35.910","0.17K","3.91%"
"2021-7-23","35.525","35.815","35.940","35.100","0.53K","-1.67%"
"2021-7-22","36.130","35.675","36.435","35.650","0.59K","0.50%"
"2021-7-21","35.950","35.500","36.200","35.460","0.37K","2.23%"
"2021-7-20","35.165","35.095","35.315","34.625","0.52K","-1.36%"
"2021-7-19","35.650","36.450","36.810","35.615","0.42K","2.32%"
"2021-7-16","34.840","35.100","35.525","34.600","0.46K","3.09%"
"2021-7-15","33.795","34.200","34.605","33.610","0.46K","-2.82%"
"2021-7-14","34.775","34.835","35.175","33.405","0.62K","-1.95%"
"2021-7-13","35.465","34.305","35.835","34.145","0.94K","2.35%"
"2021-7-12","34.650","35.235","36.150","34.395","1.14K","-5.41%"
"2021-7-9","36.632","35.840","36.850","35.565","0.66K","9.97%"
"2021-7-8","33.310","32.290","33.875","31.470","1.19K","3.00%"
"2021-7-7","32.340","34.315","36.230","32.345","1.15K","-5.18%"
"2021-7-6","34.105","37.250","38.365","33.080","1.43K","-4.81%"
"2021-7-2","35.827","34.925","36.870","34.925","1.21K","-0.88%"
"2021-7-1","36.145","35.500","36.955","35.450","0.63K","4.40%"
"2021-6-30","34.620","33.875","34.925","33.740","1.46K","3.39%"
"2021-6-29","33.486","32.855","33.825","32.855","0.30K","3.70%"
"2021-6-28","32.290","32.100","32.380","31.750","0.79K","-0.29%"
"2021-6-25","32.385","31.950","32.400","31.950","0.55K","1.16%"
"2021-6-24","32.015","31.550","32.025","31.410","0.95K","1.49%"
"2021-6-23","31.545","31.350","31.685","30.565","0.55K","2.64%"
"2021-6-22","30.735","30.050","30.835","29.990","0.59K","3.78%"
"2021-6-21","29.615","29.970","30.200","29.305","0.70K","0.71%"
"2021-6-18","29.405","28.935","29.610","28.800","0.60K","3.87%"
"2021-6-17","28.310","27.800","28.670","27.700","1.08K","1.00%"
"2021-6-16","28.030","28.000","28.775","27.740","1.30K","-0.37%"
"2021-6-15","28.135","28.300","28.705","27.910","1.01K","-2.34%"
"2021-6-14","28.810","29.100","29.315","28.575","0.86K","3.47%"
"2021-6-11","27.845","28.500","28.595","27.700","0.46K","-2.93%"
"2021-6-10","28.685","28.275","28.725","27.705","0.68K","1.36%"
"2021-6-9","28.300","27.900","28.425","27.805","0.69K","1.80%"
"2021-6-8","27.800","27.475","27.850","27.350","0.64K","4.95%"
"2021-6-7","26.490","25.900","26.665","25.900","0.36K","2.69%"
"2021-6-4","25.795","25.750","26.025","25.450","0.41K","0.35%"
"2021-6-3","25.705","26.250","26.250","25.675","0.47K","-0.08%"
"2021-6-2","25.725","25.700","26.100","25.280","1.03K","-0.96%"
"2021-6-1","25.975","25.180","26.230","25.180","0.77K","4.19%"
"2021-5-28","24.930","25.100","25.200","24.620","0.40K","-1.07%"
"2021-5-27","25.200","25.645","26.100","25.275","0.56K","-4.64%"
"2021-5-26","26.425","26.775","26.915","26.400","0.71K","0.90%"
"2021-5-25","26.190","25.250","26.150","25.250","0.86K","5.78%"
"2021-5-24","24.760","24.475","24.850","24.455","0.40K","-0.14%"
"2021-5-21","24.795","25.300","25.550","24.600","0.98K","0.45%"
"2021-5-20","24.685","23.100","24.565","23.050","0.94K","8.91%"
"2021-5-19","22.665","24.050","24.125","22.570","1.00K","-8.65%"
"2021-5-18","24.810","25.400","25.775","24.645","1.31K","-5.70%"
"2021-5-17","26.310","26.100","26.630","25.700","1.23K","-1.94%"
"2021-5-14","26.830","26.350","26.875","26.350","0.67K","2.21%"
"2021-5-13","26.250","25.750","26.300","24.975","1.37K","-0.64%"
"2021-5-12","26.420","26.440","26.450","25.800","1.12K","2.38%"
"2021-5-11","25.805","24.800","25.995","24.750","0.97K","2.44%"
"2021-5-10","25.190","25.175","25.200","24.825","1.09K","5.22%"
"2021-5-7","23.940","24.225","24.225","23.875","0.69K","-1.60%"
"2021-5-6","24.330","24.130","24.950","24.130","1.08K","1.54%"
"2021-5-5","23.960","23.400","23.965","23.325","0.63K","3.95%"
"2021-5-4","23.050","24.105","24.105","22.995","0.72K","-3.21%"
"2021-5-3","23.815","23.815","23.815","23.815","","2.28%"
"2021-4-30","23.285","22.965","23.320","22.730","0.77K","3.49%"
"2021-4-29","22.500","21.665","22.575","21.575","0.47K","4.38%"
"2021-4-28","21.555","21.790","22.020","21.550","0.71K","0.70%"
"2021-4-27","21.405","19.930","21.500","19.750","0.74K","7.03%"
"2021-4-26","20.000","20.200","20.460","19.975","0.95K","-0.22%"
"2021-4-23","20.045","20.800","20.800","19.710","0.18K","-6.20%"
"2021-4-22","21.370","21.300","21.540","21.300","0.46K","1.23%"
"2021-4-21","21.110","21.015","21.250","20.850","2.02K","0.21%"
"2021-4-20","21.065","20.850","21.335","20.675","1.40K","0.60%"
"2021-4-19","20.940","20.875","21.120","20.850","1.43K","1.95%"
"2021-4-16","20.540","20.625","20.800","20.500","0.43K","1.38%"
"2021-4-15","20.260","19.900","20.385","19.850","0.60K","2.95%"
"2021-4-14","19.680","19.600","19.775","19.600","2.03K","0.87%"
"2021-4-13","19.510","19.720","19.850","19.470","1.16K","-0.71%"
"2021-4-12","19.650","19.395","19.725","19.260","1.48K","3.75%"
"2021-4-9","18.940","19.350","19.365","18.900","1.18K","-0.26%"
"2021-4-8","18.990","19.325","19.450","18.975","0.63K","-1.53%"
"2021-4-7","19.285","19.650","19.725","19.175","0.83K","-2.50%"
"2021-4-6","19.780","19.745","19.825","19.600","0.39K","3.18%"
"2021-4-5","19.170","19.170","19.170","19.170","","0.00%"
"2021-4-1","19.170","19.000","19.275","19.000","","0.92%"
"2021-3-31","18.995","19.050","19.170","18.700","0.48K","1.01%"
"2021-3-30","18.805","18.200","18.850","18.200","0.78K","1.95%"
"2021-3-29","18.445","18.260","18.595","18.125","0.82K","-1.36%"
"2021-3-26","18.700","18.600","18.820","18.575","1.21K","1.82%"
"2021-3-25","18.365","18.600","18.600","18.275","1.49K","-1.21%"
"2021-3-24","18.590","18.650","18.825","18.025","1.96K","1.09%"
"2021-3-23","18.390","17.850","18.400","17.625","1.76K","1.91%"
"2021-3-22","18.045","17.270","18.075","17.270","1.81K","4.52%"
"2021-3-19","17.265","17.350","17.500","17.235","1.14K","-2.79%"
"2021-3-18","17.760","18.160","18.400","17.500","0.90K","-1.17%"
"2021-3-17","17.970","17.450","18.110","17.450","0.64K","1.76%"
"2021-3-16","17.660","17.830","17.830","17.275","0.82K","-1.51%"
"2021-3-15","17.930","18.170","18.880","17.870","0.88K","-2.82%"
"2021-3-12","18.450","17.970","18.565","17.930","0.71K","1.79%"
"2021-3-11","18.125","17.475","18.155","17.475","1.18K","2.81%"
"2021-3-10","17.630","17.150","17.700","17.150","0.59K","4.17%"
"2021-3-9","16.925","16.375","16.975","16.375","0.46K","4.80%"
"2021-3-8","16.150","16.550","16.550","16.125","0.75K","-1.31%"
"2021-3-5","16.365","15.850","16.450","15.775","0.58K","2.73%"
"2021-3-4","15.930","15.590","15.975","15.575","0.53K","2.61%"
"2021-3-3","15.525","15.600","15.680","15.500","0.46K","-2.17%"
"2021-3-2","15.870","16.005","16.030","15.800","0.60K","-1.31%"
"2021-3-1","16.080","16.000","16.100","15.925","0.36K","2.45%"
"2021-2-26","15.695","15.950","15.975","15.550","0.44K","-1.51%"
"2021-2-25","15.935","16.400","16.400","16.065","0.42K","-2.72%"
"2021-2-24","16.380","16.125","16.350","16.050","0.77K","0.80%"
"2021-2-23","16.250","16.100","16.400","16.050","0.42K","1.82%"
"2021-2-22","15.960","16.250","16.250","15.825","0.50K","-3.59%"
"2021-2-19","16.555","17.325","17.450","16.465","0.77K","-4.47%"
"2021-2-18","17.330","16.900","17.350","16.840","1.00K","4.78%"
"2021-2-17","16.540","17.150","17.300","16.400","1.08K","-1.05%"
"2021-2-16","16.715","16.750","16.950","16.350","1.31K","-5.14%"
"2021-2-12","17.620","17.070","17.650","16.950","0.60K","1.41%"
"2021-2-11","17.375","18.150","18.150","17.375","1.63K","-6.38%"
"2021-2-10","18.560","18.850","19.025","18.450","0.51K","-2.55%"
"2021-2-9","19.045","18.855","19.305","18.750","0.58K","-5.62%"
"2021-2-8","20.180","20.375","20.375","19.600","0.48K","9.79%"
"2021-2-5","18.380","18.550","18.900","18.300","1.05K","1.43%"
"2021-2-4","18.120","17.850","18.350","17.750","0.80K","1.48%"
"2021-2-3","17.855","17.650","17.750","17.350","0.43K","-2.16%"
"2021-2-2","18.250","18.200","18.500","18.105","0.35K","0.61%"
"2021-2-1","18.140","19.050","19.050","17.875","0.84K","-8.48%"
"2021-1-29","19.820","20.600","20.600","19.595","0.44K","-5.21%"
"2021-1-28","20.910","20.600","20.875","20.350","0.29K","6.14%"
"2021-1-27","19.700","19.000","19.900","18.900","0.38K","0.97%"
"2021-1-26","19.510","19.800","20.075","19.175","0.79K","-3.22%"
"2021-1-25","20.160","22.150","22.150","20.050","1.05K","-6.17%"
"2021-1-22","21.485","20.750","21.500","20.750","0.94K","7.08%"
"2021-1-21","20.065","19.825","20.500","19.550","0.43K","-0.96%"
"2021-1-20","20.260","21.400","21.600","19.935","0.68K","-0.32%"
"2021-1-19","20.325","19.100","20.400","18.900","1.05K","0.62%"
"2021-1-15","20.200","20.100","20.400","19.625","0.52K","-5.32%"
"2021-1-14","21.335","21.250","21.250","20.320","0.34K","-0.77%"
"2021-1-13","21.500","23.475","23.900","21.600","0.54K","-17.80%"
"2021-1-12","26.155","23.240","26.085","23.200","0.14K","18.21%"
"2021-1-11","22.125","21.350","22.540","21.200","0.46K","9.97%"
"2021-1-8","20.120","20.400","20.700","19.890","0.39K","4.22%"
"2021-1-7","19.305","18.275","19.420","18.275","0.18K","9.91%"
"2021-1-6","17.565","17.875","18.520","17.375","0.70K","-2.44%"
"2021-1-5","18.005","18.905","18.950","17.925","0.51K","-9.27%"
"2021-1-4","19.845","19.450","20.300","19.450","0.80K","3.76%"
"2020-12-31","19.125","19.125","19.125","19.125","","0.66%"
"2020-12-30","19.000","19.150","19.275","19.025","0.18K","1.20%"
"2020-12-29","18.775","19.000","19.000","19.000","0.04K","-1.96%"
"2020-12-28","19.150","19.150","19.150","19.150","","8.50%"
"2020-12-24","17.650","17.650","17.650","17.650","","0.83%"
"2020-12-23","17.505","17.650","17.650","17.500","0.08K","-0.74%"
"2020-12-22","17.635","17.200","17.750","17.175","0.21K","5.00%"
"2020-12-21","16.795","16.400","16.850","16.250","0.18K","5.73%"
"2020-12-18","15.885","15.750","15.975","15.690","0.19K","-0.35%"
"2020-12-17","15.940","16.175","16.325","15.900","0.19K","-2.69%"
"2020-12-16","16.380","17.050","17.050","16.260","0.18K","-4.91%"
"2020-12-15","17.225","17.100","17.265","16.660","0.22K","3.73%"
"2020-12-14","16.605","16.450","16.925","16.450","0.16K","4.04%"
"2020-12-11","15.960","15.525","15.825","15.300","0.18K","2.70%"
"2020-12-10","15.540","15.300","15.550","15.275","0.32K","5.46%"
"2020-12-9","14.735","14.350","14.735","14.350","0.13K","2.01%"
"2020-12-8","14.445","14.300","14.630","14.300","0.71K","0.63%"
"2020-12-7","14.355","14.100","14.400","14.100","0.40K","-1.98%"
"2020-12-4","14.645","14.550","14.660","14.465","0.21K","3.53%"
"2020-12-3","14.145","14.600","14.600","14.000","0.30K","-5.10%"
"2020-12-2","14.905","14.450","14.950","14.450","0.36K","-0.03%"
"2020-12-1","14.910","15.475","15.475","14.775","0.61K","-1.52%"
"2020-11-30","15.140","14.985","15.200","14.950","0.06K","4.52%"
"2020-11-27","14.485","13.835","14.600","13.800","0.77K","3.98%"
"2020-11-25","13.930","14.150","14.275","13.800","0.35K","0.22%"
"2020-11-24","13.900","13.450","13.900","13.450","0.30K","2.70%"
"2020-11-23","13.535","13.300","13.625","13.300","0.13K","4.96%"
"2020-11-20","12.895","12.700","12.910","12.600","0.41K","-0.96%"
"2020-11-19","13.020","13.475","13.475","13.000","0.34K","-4.82%"
"2020-11-18","13.680","13.850","13.950","13.590","0.22K","-2.08%"
"2020-11-17","13.970","14.350","14.350","13.850","0.16K","-3.62%"
"2020-11-16","14.495","14.425","14.600","14.420","0.29K","1.79%"
"2020-11-13","14.240","14.200","14.325","14.175","0.28K","1.71%"
"2020-11-12","14.000","14.050","14.150","13.950","0.29K","-0.67%"
"2020-11-11","14.095","14.050","14.350","14.050","0.29K","0.43%"
"2020-11-10","14.035","13.800","14.150","13.700","0.91K","1.30%"
"2020-11-9","13.855","13.775","14.130","13.550","0.55K","-0.32%"
"2020-11-6","13.900","14.115","14.150","13.885","0.78K","-3.84%"
"2020-11-5","14.455","14.300","14.500","14.300","0.47K","4.11%"
"2020-11-4","13.885","13.725","14.105","13.575","0.36K","1.61%"
"2020-11-3","13.665","13.730","13.925","13.585","0.13K","0.07%"
"2020-11-2","13.655","13.515","13.705","13.515","0.11K","-2.88%"
"2020-10-30","14.060","14.335","14.385","13.925","0.24K","-1.09%"
"2020-10-29","14.215","14.400","14.400","14.125","0.65K","-1.86%"
"2020-10-28","14.485","14.525","14.650","14.400","0.64K","-1.76%"
"2020-10-27","14.745","14.700","14.850","14.375","0.26K","-0.81%"
"2020-10-26","14.865","15.150","15.390","15.150","0.14K","-3.54%"
"2020-10-23","15.410","15.245","15.650","15.245","0.21K","1.02%"
"2020-10-22","15.255","14.825","15.340","14.800","0.37K","2.62%"
"2020-10-21","14.865","14.810","14.950","14.810","0.74K","-0.20%"
"2020-10-20","14.895","14.560","14.980","14.560","1.82K","1.19%"
"2020-10-19","14.720","14.650","14.750","14.650","0.07K","1.52%"
"2020-10-16","14.500","14.525","14.650","14.425","0.07K","1.83%"
"2020-10-15","14.240","14.175","14.175","13.900","0.56K","2.67%"
"2020-10-14","13.870","13.740","13.945","13.740","0.07K","2.02%"
"2020-10-13","13.595","13.690","13.700","13.490","0.35K","-1.77%"
"2020-10-12","13.840","13.610","13.610","13.610","0.02K","0.62%"
"2020-10-9","13.755","13.730","13.870","13.705","0.06K","-1.04%"
"2020-10-8","13.900","13.750","14.050","13.750","0.05K","1.39%"
"2020-10-7","13.710","13.425","13.690","13.425","0.03K","3.04%"
"2020-10-6","13.305","13.225","13.365","13.225","0.09K","-0.86%"
"2020-10-5","13.420","13.385","13.440","13.250","0.15K","3.03%"
"2020-10-2","13.025","12.875","13.130","12.815","0.57K","-1.18%"
"2020-10-1","13.180","13.350","13.405","13.110","0.51K","-0.79%"
"2020-9-30","13.285","13.310","13.310","13.160","0.04K","8.18%"
"2020-9-29","12.280","12.400","12.640","12.265","0.25K","-0.57%"
"2020-9-28","12.350","12.060","12.060","11.950","0.08K","5.87%"
"2020-9-25","11.665","11.500","11.695","11.400","0.35K","0.26%"
"2020-9-24","11.635","11.950","11.950","11.660","0.18K","-3.20%"
"2020-9-23","12.020","11.770","12.040","11.770","0.19K","2.69%"
"2020-9-22","11.705","11.330","11.795","11.260","0.13K","1.83%"
"2020-9-21","11.495","11.500","11.510","11.425","0.08K","0.17%"
"2020-9-18","11.475","11.105","11.380","11.105","0.05K","3.19%"
"2020-9-17","11.120","11.515","11.515","11.130","0.12K","-1.77%"
"2020-9-16","11.320","11.200","11.445","11.200","0.10K","3.90%"
"2020-9-15","10.895","10.850","10.870","10.815","0.05K","1.77%"
"2020-9-14","10.705","10.725","10.800","10.650","0.15K","2.00%"
"2020-9-11","10.495","10.400","10.435","10.370","0.11K","-0.19%"
"2020-9-10","10.515","10.850","10.870","10.465","0.43K","-2.05%"
"2020-9-9","10.735","10.600","10.950","10.600","0.25K","-0.60%"
"2020-9-8","10.800","11.400","11.400","10.790","0.44K","-7.53%"
"2020-9-4","11.680","12.105","12.105","11.850","0.06K","-0.47%"
"2020-9-3","11.735","11.515","11.800","11.500","0.37K","5.63%"
"2020-9-2","11.110","11.400","11.400","10.995","0.12K","-1.64%"
"2020-9-1","11.295","11.200","11.835","11.200","0.38K","0.49%"
"2020-8-31","11.240","11.240","11.240","11.240","","0.63%"
"2020-8-28","11.170","11.125","11.175","11.125","0.02K","25.93%"
"2020-8-27","8.870","9.250","9.275","8.900","1.24K","-3.06%"
"2020-8-26","9.150","9.340","9.340","9.285","0.04K","3.21%"
"2020-8-25","8.865","8.360","8.890","8.360","0.11K","6.04%"
"2020-8-24","8.360","8.125","8.365","8.050","0.44K","9.71%"
"2020-8-21","7.620","7.975","7.975","7.470","0.10K","-6.50%"
"2020-8-20","8.150","8.325","8.375","8.225","0.58K","-2.45%"
"2020-8-19","8.355","8.815","8.850","8.230","0.05K","-2.28%"
"2020-8-18","8.550","8.225","8.720","8.225","0.15K","4.52%"
"2020-8-17","8.180","8.260","8.510","8.150","0.10K","2.00%"
"2020-8-14","8.020","7.450","8.150","7.380","0.33K","9.71%"
"2020-8-13","7.310","7.400","7.480","7.285","0.14K","1.95%"
"2020-8-12","7.170","7.175","7.175","7.000","0.20K","-3.30%"
"2020-8-11","7.415","7.495","7.935","7.415","0.21K","-2.31%"
"2020-8-10","7.590","8.280","8.280","7.950","0.07K","-4.29%"
"2020-8-7","7.930","7.550","8.300","7.550","0.11K","-0.13%"
"2020-8-6","7.940","7.750","7.950","7.750","0.05K","8.47%"
"2020-8-5","7.320","7.370","7.405","7.280","0.23K","-0.48%"
"2020-8-4","7.355","7.185","7.425","7.130","0.57K","8.16%"
"2020-8-3","6.800","6.330","7.000","6.330","0.26K","12.86%"
"2020-7-31","6.025","6.000","6.000","6.000","0.03K","15.31%"
"2020-7-30","5.225","5.190","5.430","5.130","0.17K","0.97%"
"2020-7-29","5.175","5.150","5.220","5.055","1.08K","4.33%"
"2020-7-28","4.960","4.775","4.975","4.775","0.18K","3.66%"
"2020-7-27","4.785","4.950","5.010","4.875","0.22K","-4.49%"
"2020-7-24","5.010","5.025","5.040","4.895","0.13K","0.50%"
"2020-7-23","4.985","4.925","5.125","4.925","0.22K","3.21%"
"2020-7-22","4.830","4.820","4.915","4.725","0.29K","0.84%"
"2020-7-21","4.790","4.900","4.975","4.765","0.52K","1.27%"
"2020-7-20","4.730","4.950","4.980","4.710","0.25K","-7.53%"
"2020-7-17","5.115","5.160","5.165","5.065","0.61K","1.09%"
"2020-7-16","5.060","5.090","5.110","5.000","0.16K","-3.16%"
"2020-7-15","5.225","5.350","5.395","5.225","0.12K","2.75%"
"2020-7-14","5.085","5.160","5.180","4.990","1.22K","-0.49%"
"2020-7-13","5.110","5.520","5.550","5.090","0.71K","-6.67%"
"2020-7-10","5.475","5.570","5.585","5.425","0.11K","-4.87%"
"2020-7-9","5.755","5.855","5.875","5.760","0.09K","-3.03%"
"2020-7-8","5.935","6.090","6.190","5.860","0.13K","-3.10%"
"2020-7-7","6.125","6.130","6.315","6.130","0.06K","0.49%"
"2020-7-6","6.095","6.145","6.150","6.075","0.14K","2.52%"
"2020-7-2","5.945","5.765","5.950","5.710","0.66K","1.36%"
"2020-7-1","5.865","5.950","6.185","5.800","0.71K","-4.87%"
"2020-6-30","6.165","6.105","6.455","6.025","0.26K","5.57%"
"2020-6-29","5.840","5.400","5.870","5.400","0.51K","14.40%"
"2020-6-26","5.105","5.065","5.230","5.045","0.21K","-2.85%"
"2020-6-25","5.255","5.425","5.435","5.285","0.05K","-7.24%"
"2020-6-24","5.665","5.825","5.845","5.680","0.30K","-2.83%"
"2020-6-23","5.830","5.700","5.850","5.700","0.57K","6.10%"
"2020-6-22","5.495","5.450","5.525","5.390","0.41K","-2.14%"
"2020-6-19","5.615","5.550","5.675","5.550","0.30K","3.03%"
"2020-6-18","5.450","5.425","5.525","5.325","0.67K","4.61%"
"2020-6-17","5.210","5.200","5.275","4.995","0.66K","-0.95%"
"2020-6-16","5.260","5.550","5.550","5.175","0.43K","-4.62%"
"2020-6-15","5.515","5.450","5.575","5.400","0.34K","4.55%"
"2020-6-12","5.275","5.150","5.440","5.150","0.51K","5.71%"
"2020-6-11","4.990","4.775","5.030","4.775","0.38K","3.96%"
"2020-6-10","4.800","4.700","4.850","4.625","0.59K","-0.10%"
"2020-6-9","4.805","5.275","5.275","4.775","0.19K","-8.48%"
"2020-6-8","5.250","5.600","5.775","5.255","0.28K","-8.06%"
"2020-6-5","5.710","5.350","5.850","5.125","0.33K","5.94%"
"2020-6-4","5.390","4.975","5.400","4.975","0.52K","1.13%"
"2020-6-3","5.330","5.150","5.540","4.940","0.45K","9.90%"
"2020-6-2","4.850","4.370","4.950","4.350","0.88K","19.61%"
"2020-6-1","4.055","4.100","4.250","3.950","0.74K","-7.53%"
"2020-5-29","4.385","4.425","4.500","4.400","0.05K","24.93%"
"2020-5-28","3.510","3.700","3.850","3.500","1.57K","-5.01%"
"2020-5-27","3.695","3.800","3.980","3.625","0.17K","-10.42%"
"2020-5-26","4.125","4.350","4.910","4.250","0.41K","6.04%"
"2020-5-22","3.890","3.750","4.060","3.650","0.22K","1.70%"
"2020-5-21","3.825","3.965","4.000","3.790","0.03K","-14.24%"
"2020-5-20","4.460","4.750","4.760","4.420","0.08K","-3.25%"
"2020-5-19","4.610","4.775","4.825","4.610","0.14K","-6.30%"
"2020-5-18","4.920","5.280","5.385","4.875","0.15K","-5.75%"
"2020-5-15","5.220","5.400","5.425","5.175","0.36K","-0.85%"
"2020-5-14","5.265","5.175","5.285","5.175","0.23K","2.83%"
"2020-5-13","5.120","5.375","5.375","5.100","0.09K","-3.67%"
"2020-5-12","5.315","5.575","5.625","5.280","0.27K","-6.84%"
"2020-5-11","5.705","5.700","5.800","5.660","0.25K","-2.14%"
"2020-5-8","5.830","5.830","5.830","5.830","","-0.26%"
"2020-5-7","5.845","5.840","5.970","5.800","0.48K","1.39%"
"2020-5-6","5.765","5.740","5.800","5.730","0.24K","1.59%"
"2020-5-5","5.675","5.850","5.900","5.635","0.43K","-1.13%"
"2020-5-4","5.740","5.900","5.900","5.705","0.72K","-1.80%"
"2020-5-1","5.845","6.200","6.200","5.735","1.08K","-6.03%"
"2020-4-30","6.220","6.325","6.330","6.200","0.06K","3.41%"
"2020-4-29","6.015","6.015","6.015","6.015","","-2.12%"
"2020-4-28","6.145","5.975","6.200","5.975","0.09K","3.45%"
"2020-4-27","5.940","5.825","6.000","5.825","0.11K","2.95%"
"2020-4-24","5.770","5.830","5.850","5.800","0.69K","-4.71%"
"2020-4-23","6.055","6.150","6.150","6.040","0.11K","-2.73%"
"2020-4-22","6.225","6.125","6.490","6.125","0.30K","-1.43%"
"2020-4-21","6.315","6.600","6.600","6.305","0.25K","-4.61%"
"2020-4-20","6.620","6.735","6.735","6.735","0.02K","-5.36%"
"2020-4-17","6.995","7.180","7.180","6.960","0.44K","1.30%"
"2020-4-16","6.905","6.980","6.980","6.925","0.04K","3.83%"
"2020-4-15","6.650","6.825","6.850","6.745","0.36K","-3.27%"
"2020-4-14","6.875","7.175","7.175","6.865","0.18K","-5.56%"
"2020-4-13","7.280","7.280","7.280","7.280","","0.00%"
"2020-4-9","7.280","7.475","7.525","7.235","0.21K","0.28%"
"2020-4-8","7.260","7.300","7.400","7.260","0.49K","-0.34%"
"2020-4-7","7.285","7.400","7.500","7.300","0.16K","0.00%"
"2020-4-6","7.285","6.800","7.400","6.800","0.09K","5.27%"
"2020-4-3","6.920","6.825","7.025","6.775","0.44K","-0.22%"
"2020-4-2","6.935","7.275","7.275","6.860","0.41K","1.61%"
"2020-4-1","6.825","6.725","6.850","6.725","1.02K","-1.09%"
"2020-3-31","6.900","7.100","7.175","7.100","0.09K","0.07%"
"2020-3-30","6.895","6.895","6.895","6.895","0.18K","-4.50%"
"2020-3-27","7.220","7.250","7.335","7.170","1.00K","-4.69%"
"2020-3-26","7.575","7.580","7.605","7.580","0.61K","-2.19%"
"2020-3-25","7.745","7.765","7.765","7.765","0.06K","-2.09%"
"2020-3-24","7.910","8.050","8.100","7.860","0.19K","0.76%"
"2020-3-23","7.850","8.020","8.020","7.935","0.15K","-5.36%"
"2020-3-20","8.295","8.295","8.295","8.295","0.08K","-2.93%"
"2020-3-19","8.545","8.425","8.550","8.365","0.37K","3.39%"
"2020-3-18","8.265","8.300","8.320","8.165","0.93K","-2.42%"
"2020-3-17","8.470","8.775","8.775","8.425","0.74K","-3.09%"
"2020-3-16","8.740","8.700","8.770","8.645","0.62K","-5.87%"
"2020-3-13","9.285","9.360","9.635","9.255","0.35K","-0.43%"
"2020-3-12","9.325","9.100","9.390","9.100","0.44K","-0.48%"
"2020-3-11","9.370","8.975","9.380","8.975","0.29K","4.17%"
"2020-3-10","8.995","8.875","9.050","8.840","0.68K","4.29%"
"2020-3-9","8.625","8.275","8.625","8.275","0.41K","-0.23%"
"2020-3-6","8.645","8.775","8.775","8.560","0.44K","-2.32%"
"2020-3-5","8.850","8.900","8.900","8.825","0.91K","-0.67%"
"2020-3-4","8.910","8.975","9.055","8.825","2.14K","-2.84%"
"2020-3-3","9.170","9.020","9.210","9.020","0.45K","3.21%"
"2020-3-2","8.885","9.000","9.050","8.795","1.62K","0.11%"
"2020-2-28","8.875","8.650","8.950","8.650","0.17K","0.06%"
"2020-2-27","8.870","8.870","8.870","8.870","","-2.21%"
"2020-2-26","9.070","8.875","9.075","8.800","0.35K","0.72%"
"2020-2-25","9.005","9.000","9.000","8.925","0.70K","-0.44%"
"2020-2-24","9.045","9.210","9.210","9.125","0.26K","-3.88%"
"2020-2-21","9.410","9.300","9.510","9.300","0.07K","-1.62%"
"2020-2-20","9.565","9.575","9.575","9.375","0.19K","-0.05%"
"2020-2-19","9.570","9.225","9.545","9.225","0.12K","2.03%"
"2020-2-18","9.380","9.200","9.490","9.200","0.21K","5.63%"
"2020-2-14","8.880","8.925","8.925","8.925","0.02K","-0.11%"
"2020-2-13","8.890","8.575","8.800","8.575","0.18K","1.95%"
"2020-2-12","8.720","8.575","8.765","8.575","0.07K","1.93%"
"2020-2-11","8.555","8.500","8.650","8.500","0.14K","-1.04%"
"2020-2-10","8.645","8.775","8.775","8.575","0.14K","-4.69%"
"2020-2-7","9.070","9.220","9.220","8.985","0.06K","-0.87%"
"2020-2-6","9.150","8.925","9.195","8.925","0.20K","-1.77%"
"2020-2-5","9.315","9.435","9.435","9.280","0.09K","-0.53%"
"2020-2-4","9.365","9.285","9.385","9.100","0.34K","1.68%"
"2020-2-3","9.210","9.600","9.600","9.190","0.17K","-5.59%"
"2020-1-31","9.755","9.975","10.010","9.930","0.02K","-0.26%"
"2020-1-30","9.780","10.000","10.000","10.000","0.17K","-3.65%"
"2020-1-29","10.150","10.675","10.675","10.335","0.10K","-5.93%"
"2020-1-28","10.790","10.800","10.800","10.750","0.05K","2.52%"
"2020-1-27","10.525","10.505","10.585","10.475","0.11K","0.67%"
"2020-1-24","10.455","10.630","10.630","10.485","0.15K","0.24%"
"2020-1-23","10.430","10.375","10.450","10.230","0.26K","-0.24%"
"2020-1-22","10.455","10.660","10.660","10.370","0.49K","-2.97%"
"2020-1-21","10.775","10.665","10.945","10.600","0.28K","-1.42%"
"2020-1-17","10.930","11.050","11.050","10.940","0.15K","-1.66%"
"2020-1-16","11.115","11.425","11.425","11.015","0.19K","-0.58%"
"2020-1-15","11.180","11.275","11.300","11.200","0.12K","-1.11%"
"2020-1-14","11.305","12.025","12.025","11.690","0.07K","-6.22%"
"2020-1-13","12.055","12.150","12.150","12.075","0.40K","0.96%"
"2020-1-10","11.940","12.200","12.225","11.950","1.15K","-1.97%"
"2020-1-9","12.180","11.925","12.250","11.925","1.14K","1.80%"
"2020-1-8","11.965","11.835","12.050","11.825","0.64K","0.29%"
"2020-1-7","11.930","11.950","12.150","11.865","0.52K","-2.85%"
"2020-1-6","12.280","12.695","12.700","12.695","0.03K","-5.43%"
"2020-1-3","12.985","12.405","12.750","12.405","0.25K","7.54%"
"2020-1-2","12.075","12.435","12.460","12.135","0.44K","0.21%"
"2019-12-31","12.050","12.050","12.050","12.050","","-1.99%"
"2019-12-30","12.295","12.295","12.295","12.295","","-3.68%"
"2019-12-27","12.765","12.765","12.765","12.765","","1.27%"
"2019-12-26","12.605","12.605","12.605","12.605","","0.00%"
"2019-12-24","12.605","12.610","12.610","12.610","0.02K","-3.22%"
"2019-12-23","13.025","13.210","13.210","13.065","0.06K","-8.50%"
"2019-12-20","14.235","14.075","14.215","14.025","0.09K","-5.13%"
"2019-12-19","15.005","14.400","14.975","14.400","0.45K","0.37%"
"2019-12-18","14.950","14.350","15.010","14.350","1.03K","3.39%"
"2019-12-17","14.460","14.470","14.500","14.460","0.19K","4.10%"
"2019-12-16","13.890","13.950","13.950","13.940","0.14K","0.62%"
"2019-12-13","13.805","14.230","14.320","13.800","0.31K","-6.53%"
"2019-12-12","14.770","14.150","14.750","14.150","0.51K","5.16%"
"2019-12-11","14.045","14.170","14.170","14.015","0.18K","-3.34%"
"2019-12-10","14.530","14.370","14.500","14.310","0.20K","-2.42%"
"2019-12-9","14.890","14.775","14.950","14.740","0.33K","-1.65%"
"2019-12-6","15.140","15.175","15.275","15.100","0.39K","-1.78%"
"2019-12-5","15.415","15.600","15.675","15.575","0.37K","-2.93%"
"2019-12-4","15.880","15.600","15.900","15.600","0.56K","0.70%"
"2019-12-3","15.770","15.675","15.835","15.675","0.35K","-0.25%"
"2019-12-2","15.810","15.955","16.000","15.800","0.17K","-3.18%"
"2019-11-29","16.330","16.330","16.330","16.330","","2.19%"
"2019-11-27","15.980","15.950","16.100","15.875","0.22K","0.82%"
"2019-11-26","15.850","16.000","16.045","15.855","0.07K","-2.37%"
"2019-11-25","16.235","16.475","16.475","16.275","0.09K","1.15%"
"2019-11-22","16.050","16.000","16.150","15.950","0.35K","2.72%"
"2019-11-21","15.625","15.675","15.800","15.650","0.46K","0.22%"
"2019-11-20","15.590","15.300","15.525","15.250","0.11K","1.96%"
"2019-11-19","15.290","15.150","15.400","15.150","0.32K","0.39%"
"2019-11-18","15.230","15.375","15.400","15.175","0.44K","-3.09%"
"2019-11-15","15.715","15.400","15.725","15.400","0.46K","0.29%"
"2019-11-14","15.670","15.450","15.700","15.450","0.75K","1.42%"
"2019-11-13","15.450","15.275","15.475","15.275","0.16K","-0.61%"
"2019-11-12","15.545","15.600","15.600","15.480","0.39K","-1.89%"
"2019-11-11","15.845","15.875","15.925","15.825","0.62K","-0.60%"
"2019-11-8","15.940","16.175","16.200","15.875","0.18K","-1.12%"
"2019-11-7","16.120","16.225","16.300","16.140","0.64K","-0.98%"
"2019-11-6","16.280","16.575","16.575","16.300","0.85K","-3.04%"
"2019-11-5","16.790","16.750","16.905","16.700","1.08K","1.88%"
"2019-11-4","16.480","16.300","16.675","16.150","1.05K","1.89%"
"2019-11-1","16.175","16.350","16.350","16.175","0.52K","0.25%"
"2019-10-31","16.135","16.050","16.175","16.025","0.32K","17.09%"
"2019-10-30","13.780","13.625","13.625","13.625","0.06K","-0.40%"
"2019-10-29","13.835","14.500","14.500","14.400","0.15K","-3.86%"
"2019-10-28","14.390","14.575","14.650","14.450","0.34K","-5.55%"
"2019-10-25","15.235","15.550","15.550","15.400","0.21K","-2.68%"
"2019-10-24","15.655","15.150","15.650","15.150","0.29K","1.56%"
"2019-10-23","15.415","15.300","15.450","15.300","0.11K","-1.15%"
"2019-10-22","15.595","15.750","15.750","15.750","0.03K","-0.10%"
"2019-10-21","15.610","16.210","16.210","15.650","0.04K","-2.22%"
"2019-10-18","15.965","16.245","16.245","15.875","0.36K","-0.37%"
"2019-10-17","16.025","15.825","16.050","15.750","0.39K","-0.31%"
"2019-10-16","16.075","16.225","16.245","16.150","0.08K","0.06%"
"2019-10-15","16.065","16.050","16.050","16.050","0.01K","0.16%"
"2019-10-14","16.040","15.950","15.950","15.950","0.06K","-0.59%"
"2019-10-11","16.135","16.125","16.150","15.825","0.30K","1.80%"
"2019-10-10","15.850","15.825","15.825","15.475","0.49K","1.77%"
"2019-10-9","15.575","15.300","15.925","15.300","1.26K","-0.42%"
"2019-10-8","15.640","15.650","15.700","15.425","0.76K","0.87%"
"2019-10-7","15.505","15.200","15.475","15.200","0.22K","-1.68%"
"2019-10-4","15.770","16.350","16.500","15.750","0.16K","-1.50%"
"2019-10-3","16.010","16.000","16.225","15.850","0.31K","0.03%"
"2019-10-2","16.005","16.300","16.300","15.925","0.20K","-4.50%"
"2019-10-1","16.760","16.250","16.725","16.185","0.20K","2.26%"
"2019-9-30","16.390","16.680","16.690","16.680","0.02K","37.27%"
"2019-9-27","11.940","11.940","11.940","11.940","","-0.87%"
"2019-9-26","12.045","12.045","12.045","12.045","","0.79%"
"2019-9-25","11.950","11.935","12.050","11.935","0.21K","-3.16%"
"2019-9-24","12.340","12.175","12.600","12.175","0.04K","0.78%"
"2019-9-23","12.245","12.245","12.245","12.245","","-3.66%"
"2019-9-20","12.710","12.575","12.575","12.575","0.05K","3.71%"
"2019-9-19","12.255","12.255","12.255","12.255","0.04K","-1.45%"
"2019-9-18","12.435","12.800","12.800","12.535","0.02K","-7.48%"
"2019-9-17","13.440","14.175","14.175","13.525","0.07K","-12.36%"
"2019-9-16","15.335","15.155","15.155","15.155","0.01K","4.25%"
"2019-9-13","14.710","15.650","15.650","15.645","0.05K","1.69%"
"2019-9-12","14.465","14.545","14.545","14.545","0.05K","0.77%"
"2019-9-11","14.355","14.050","14.495","14.050","0.05K","-0.35%"
"2019-9-10","14.405","12.350","13.800","12.350","0.28K","17.74%"
"2019-9-9","12.235","12.675","12.675","12.300","0.41K","-0.93%"
"2019-9-6","12.350","12.175","12.175","12.100","0.25K","0.94%"
"2019-9-5","12.235","11.800","12.000","11.800","0.33K","2.30%"
"2019-9-4","11.960","12.150","12.150","12.100","0.08K","-1.16%"
"2019-9-3","12.100","11.950","12.125","11.675","1.00K","-5.43%"
"2019-8-30","12.795","12.795","12.795","12.795","0.01K","19.41%"
"2019-8-29","10.715","10.425","10.640","10.425","0.02K","4.69%"
"2019-8-28","10.235","10.350","10.350","10.225","0.22K","1.64%"
"2019-8-27","10.070","10.150","10.250","10.150","0.08K","-2.38%"
"2019-8-26","10.315","10.315","10.315","10.315","","-2.55%"
"2019-8-23","10.585","10.825","10.825","10.650","0.04K","-3.69%"
"2019-8-22","10.990","11.275","11.375","10.980","0.16K","-3.72%"
"2019-8-21","11.415","11.200","11.700","11.200","0.51K","1.78%"
"2019-8-20","11.215","11.300","11.305","11.225","0.05K","3.99%"
"2019-8-19","10.785","10.800","11.100","10.760","0.22K","-1.55%"
"2019-8-16","10.955","11.175","11.350","10.925","0.11K","-2.41%"
"2019-8-15","11.225","11.150","11.250","11.075","0.13K","0.40%"
"2019-8-14","11.180","11.500","11.600","11.225","0.24K","-5.73%"
"2019-8-13","11.860","11.450","11.750","11.450","0.29K","3.85%"
"2019-8-12","11.420","11.950","12.050","11.380","0.26K","-5.03%"
"2019-8-9","12.025","12.050","12.200","11.795","0.13K","-0.41%"
"2019-8-8","12.075","11.250","12.040","11.200","0.43K","5.83%"
"2019-8-7","11.410","11.000","11.400","10.900","0.48K","4.20%"
"2019-8-6","10.950","11.175","11.250","10.875","0.86K","-4.49%"
"2019-8-5","11.465","11.975","12.150","11.375","1.09K","-4.58%"
"2019-8-2","12.015","11.960","12.655","11.960","0.07K","-2.79%"
"2019-8-1","12.360","11.675","12.345","11.550","0.39K","12.36%"
"2019-7-31","11.000","11.000","11.000","11.000","","12.36%"
"2019-7-30","9.790","9.850","9.900","9.725","0.27K","-0.20%"
"2019-7-29","9.810","10.075","10.150","9.750","0.41K","-1.56%"
"2019-7-26","9.965","10.000","10.125","9.875","0.58K","-0.60%"
"2019-7-25","10.025","10.250","10.275","10.050","0.38K","-0.50%"
"2019-7-24","10.075","10.375","10.475","10.200","0.26K","-6.28%"
"2019-7-23","10.750","10.125","10.400","10.125","0.27K","5.81%"
"2019-7-22","10.160","10.900","10.950","10.375","0.80K","-6.06%"
"2019-7-19","10.815","10.900","10.900","10.900","0.02K","0.75%"
"2019-7-18","10.735","11.075","11.125","10.625","0.94K","-2.32%"
"2019-7-17","10.990","11.000","11.275","10.825","0.09K","-3.72%"
"2019-7-16","11.415","12.130","12.130","12.130","0.02K","-11.48%"
"2019-7-15","12.895","13.725","13.725","13.410","0.14K","-2.90%"
"2019-7-12","13.280","12.650","13.150","12.650","0.09K","1.14%"
"2019-7-11","13.130","12.725","12.850","12.300","0.09K","8.20%"
"2019-7-10","12.135","11.350","12.125","11.350","0.39K","3.19%"
"2019-7-9","11.760","12.225","12.675","11.850","0.92K","-1.01%"
"2019-7-8","11.880","11.105","12.075","11.105","1.03K","5.93%"
"2019-7-5","11.215","10.575","11.245","10.255","0.17K","8.94%"
"2019-7-3","10.295","10.375","10.375","10.175","0.15K","0.68%"
"2019-7-2","10.225","10.650","10.855","10.250","0.13K","-1.35%"
"2019-7-1","10.365","10.570","10.675","10.250","0.17K","2.47%"
"2019-6-28","10.115","9.750","9.765","9.750","0.04K","7.89%"
"2019-6-27","9.375","9.375","9.375","9.375","","-2.55%"
"2019-6-26","9.620","9.620","9.620","9.620","","-2.29%"
"2019-6-25","9.845","9.875","9.875","9.875","0.01K","-3.48%"
"2019-6-24","10.200","10.200","10.200","10.200","0.01K","-1.50%"
"2019-6-21","10.355","9.800","10.295","9.775","0.07K","2.02%"
"2019-6-20","10.150","10.150","10.150","10.150","","-3.20%"
"2019-6-19","10.485","10.485","10.485","10.485","","-4.98%"
"2019-6-18","11.035","11.400","11.400","11.275","0.05K","-4.62%"
"2019-6-17","11.570","11.355","11.355","11.280","0.03K","2.21%"
"2019-6-14","11.320","11.350","11.350","11.350","0.02K","-0.66%"
"2019-6-13","11.395","11.520","11.630","11.350","0.04K","2.29%"
"2019-6-12","11.140","11.205","11.205","11.205","0.01K","-0.54%"
"2019-6-11","11.200","11.480","11.480","11.480","0.02K","-5.12%"
"2019-6-10","11.805","11.650","11.650","11.650","0.05K","2.47%"
"2019-6-7","11.520","11.245","11.475","11.245","0.05K","3.74%"
"2019-6-6","11.105","11.320","11.320","11.320","0.06K","-4.27%"
"2019-6-5","11.600","11.600","11.600","11.600","0.01K","-2.60%"
"2019-6-4","11.910","11.910","11.910","11.910","","7.30%"
"2019-6-3","11.100","11.100","11.100","11.100","","-0.94%"
"2019-5-31","11.205","11.205","11.205","11.205","0.01K","-2.35%"
"2019-5-30","11.475","11.475","11.475","11.475","","-6.13%"
"2019-5-29","12.225","12.225","12.225","12.225","","-2.36%"
"2019-5-28","12.520","12.520","12.520","12.520","","2.20%"
"2019-5-24","12.250","12.435","12.435","12.415","0.02K","-2.74%"
"2019-5-23","12.595","12.595","12.595","12.595","","-0.43%"
"2019-5-22","12.650","12.885","12.885","12.885","0.01K","-0.43%"
"2019-5-21","12.705","12.600","12.600","12.600","0.01K","-1.55%"
"2019-5-20","12.905","12.905","12.905","12.905","","0.39%"
"2019-5-17","12.855","12.935","12.935","12.935","0.00K","-3.96%"
"2019-5-16","13.385","13.385","13.385","13.385","","-3.39%"
"2019-5-15","13.855","13.855","13.855","13.855","","0.51%"
"2019-5-14","13.785","13.785","13.785","13.785","","0.18%"
"2019-5-13","13.760","13.760","13.760","13.760","","-1.68%"
"2019-5-10","13.995","13.995","13.995","13.995","","-3.18%"
"2019-5-9","14.455","14.455","14.455","14.455","","0.94%"
"2019-5-8","14.320","14.175","14.350","14.150","0.02K","1.17%"
"2019-5-7","14.155","14.325","14.325","14.125","0.04K","-1.26%"
"2019-5-6","14.335","14.335","14.335","14.335","","-1.58%"
"2019-5-3","14.565","14.565","14.565","14.565","","1.39%"
"2019-5-2","14.365","14.365","14.365","14.365","","2.21%"
"2019-5-1","14.055","14.100","14.100","14.050","0.03K","-2.33%"
"2019-4-30","14.390","14.425","14.425","14.425","0.01K","-0.93%"
"2019-4-29","14.525","14.525","14.525","14.525","","0.69%"
"2019-4-26","14.425","14.725","14.775","14.675","0.11K","-0.76%"
"2019-4-25","14.535","14.535","14.535","14.535","","1.89%"
"2019-4-24","14.265","14.425","14.425","14.425","0.01K","-1.07%"
"2019-4-23","14.420","14.105","14.500","14.105","0.04K","-0.28%"
"2019-4-22","14.460","14.460","14.460","14.460","","0.00%"
"2019-4-18","14.460","15.000","15.000","15.000","0.01K","-4.84%"
"2019-4-17","15.195","15.195","15.195","15.195","","2.43%"
"2019-4-16","14.835","14.850","14.850","14.850","0.01K","-1.17%"
"2019-4-15","15.010","15.640","15.640","15.285","0.03K","-5.33%"
"2019-4-12","15.855","15.895","15.900","15.800","0.03K","-0.88%"
"2019-4-11","15.995","15.550","15.900","15.550","0.04K","1.68%"
"2019-4-10","15.730","15.730","15.730","15.730","0.01K","-6.12%"
"2019-4-9","16.755","16.755","16.755","16.755","","4.95%"
"2019-4-8","15.965","16.575","16.950","16.200","0.04K","-4.03%"
"2019-4-5","16.635","16.635","16.635","16.635","0.01K","12.36%"
"2019-4-4","14.805","14.600","14.600","14.600","0.02K","4.33%"
"2019-4-3","14.190","13.700","13.700","13.700","0.02K","5.46%"
"2019-4-2","13.455","13.455","13.455","13.455","0.01K","-2.82%"
"2019-4-1","13.845","13.845","13.845","13.845","","-2.60%"
"2019-3-29","14.215","14.225","14.225","14.225","0.01K","-1.49%"
"2019-3-28","14.430","14.800","14.875","14.800","0.71K","-3.77%"
"2019-3-27","14.995","14.500","14.675","14.500","0.09K","4.24%"
"2019-3-26","14.385","14.200","14.415","14.200","0.13K","1.41%"
"2019-3-25","14.185","14.185","14.185","14.175","0.02K","-1.87%"
"2019-3-22","14.455","14.425","14.455","14.355","0.04K","-0.76%"
"2019-3-21","14.565","14.920","14.920","14.550","0.09K","-4.27%"
"2019-3-20","15.215","15.075","15.075","15.075","0.02K","1.40%"
"2019-3-19","15.005","15.200","15.250","14.975","0.13K","0.17%"
"2019-3-18","14.980","14.900","15.175","14.900","0.97K","-1.77%"
"2019-3-15","15.250","15.485","15.485","15.275","0.08K","-2.27%"
"2019-3-14","15.605","15.825","15.825","15.600","0.19K","-0.76%"
"2019-3-13","15.725","15.725","15.725","15.725","0.01K","-2.99%"
"2019-3-12","16.210","16.425","16.525","16.050","0.78K","-2.50%"
"2019-3-11","16.625","16.700","16.700","16.590","0.07K","-0.63%"
"2019-3-8","16.730","16.850","16.850","16.720","0.39K","-0.83%"
"2019-3-7","16.870","16.950","16.950","16.750","0.15K","0.12%"
"2019-3-6","16.850","17.025","17.050","17.000","0.11K","-1.92%"
"2019-3-5","17.180","17.475","17.475","17.175","0.36K","-1.26%"
"2019-3-4","17.400","17.375","17.500","17.375","0.07K","0.46%"
"2019-3-1","17.320","17.320","17.320","17.320","","-2.78%"
"2019-2-28","17.815","17.815","17.815","17.815","0.04K","1.14%"
"2019-2-27","17.615","17.325","17.635","17.325","0.05K","3.34%"
"2019-2-26","17.045","17.045","17.045","17.045","","0.59%"
"2019-2-25","16.945","17.000","17.000","17.000","0.01K","-1.65%"
"2019-2-22","17.230","17.230","17.230","17.230","","-1.66%"
"2019-2-21","17.520","17.520","17.520","17.520","","-3.44%"
"2019-2-20","18.145","18.145","18.145","18.145","","2.49%"
"2019-2-19","17.705","17.750","17.830","17.750","0.01K","-2.18%"
"2019-2-15","18.100","18.100","18.100","18.100","","1.94%"
"2019-2-14","17.755","18.165","18.165","17.810","0.03K","-1.47%"
"2019-2-13","18.020","17.800","17.875","17.800","0.10K","1.32%"
"2019-2-12","17.785","18.000","18.000","17.875","0.07K","-1.50%"
"2019-2-11","18.055","17.825","18.125","17.750","0.42K","-1.15%"
"2019-2-8","18.265","18.515","18.515","18.265","0.01K","-3.41%"
"2019-2-7","18.910","19.185","19.185","18.860","0.06K","-0.03%"
"2019-2-6","18.915","19.075","19.150","18.950","0.12K","-1.18%"
"2019-2-5","19.140","19.140","19.140","19.140","","-1.11%"
"2019-2-4","19.355","19.355","19.355","19.355","","0.28%"
"2019-2-1","19.300","19.300","19.300","19.300","","-2.77%"
"2019-1-31","19.850","19.665","19.665","19.665","0.01K","-1.64%"
"2019-1-30","20.180","20.180","20.180","20.180","","-1.97%"
"2019-1-29","20.585","20.600","20.600","20.600","0.02K","0.17%"
"2019-1-28","20.550","20.520","20.520","20.500","0.01K","-1.63%"
"2019-1-25","20.890","20.735","20.895","20.690","0.03K","-1.83%"
"2019-1-24","21.280","21.720","21.815","21.360","0.08K","-4.10%"
"2019-1-23","22.190","22.225","22.300","22.130","0.05K","1.72%"
"2019-1-22","21.815","21.805","21.885","21.605","0.13K","-3.49%"
"2019-1-18","22.605","22.840","23.015","22.525","0.09K","-1.70%"
"2019-1-17","22.995","22.640","23.135","22.640","0.03K","4.50%"
"2019-1-16","22.005","22.300","22.300","22.095","0.02K","0.02%"
"2019-1-15","22.000","22.035","22.035","21.945","0.02K","1.50%"
"2019-1-14","21.675","21.910","21.910","21.685","0.05K","-2.61%"
"2019-1-11","22.255","22.390","22.390","22.085","0.08K","2.68%"
"2019-1-10","21.675","21.705","21.705","21.705","0.01K","-0.21%"
"2019-1-9","21.720","22.515","22.515","21.745","0.02K","-1.67%"
"2019-1-8","22.090","22.165","22.165","22.165","0.01K","2.60%"
"2019-1-7","21.530","21.910","21.910","21.470","0.04K","-6.11%"
"2019-1-4","22.930","22.845","22.955","22.810","0.04K","3.03%"
"2019-1-3","22.255","22.215","22.215","22.115","0.01K","-0.98%"
"2019-1-2","22.475","22.280","22.550","22.145","0.02K","2.25%"
"2018-12-31","21.980","22.260","22.260","22.180","0.01K","-3.64%"
"2018-12-28","22.810","22.810","22.810","22.810","","-2.19%"
"2018-12-27","23.320","23.320","23.320","23.320","0.03K","-3.82%"
"2018-12-26","24.245","24.245","24.245","24.245","","0.00%"
"2018-12-24","24.245","24.735","24.760","24.275","0.06K","-2.63%"
"2018-12-21","24.900","24.650","24.745","24.650","0.06K","1.20%"
"2018-12-20","24.605","24.605","24.605","24.605","0.05K","1.63%"
"2018-12-19","24.210","24.210","24.210","24.210","0.03K","2.02%"
"2018-12-18","23.730","24.035","24.035","23.725","0.07K","-3.85%"
"2018-12-17","24.680","24.650","24.650","24.650","0.03K","0.14%"
"2018-12-14","24.645","24.665","24.790","24.660","0.03K","1.73%"
"2018-12-13","24.225","24.375","24.375","24.375","0.02K","1.28%"
"2018-12-12","23.920","24.050","24.190","24.050","0.03K","1.27%"
"2018-12-11","23.620","23.545","23.630","23.545","0.05K","1.59%"
"2018-12-10","23.250","23.265","23.300","23.265","0.03K","0.45%"
"2018-12-7","23.145","22.840","23.175","22.840","0.06K","-0.09%"
"2018-12-6","23.165","23.305","23.395","23.135","0.05K","-2.75%"
"2018-12-5","23.820","24.110","24.110","24.110","0.09K","-2.44%"
"2018-12-4","24.415","24.395","24.395","24.375","0.04K","-2.67%"
"2018-12-3","25.085","25.085","25.085","25.085","0.04K","1.60%"
"2018-11-30","24.690","24.690","24.690","24.690","0.01K","0.22%"
"2018-11-29","24.635","24.635","24.635","24.635","","1.38%"
"2018-11-28","24.300","24.400","24.400","24.400","0.02K","-3.42%"
"2018-11-27","25.160","24.795","24.995","24.790","0.03K","2.51%"
"2018-11-26","24.545","24.270","24.550","24.115","0.04K","-1.11%"
"2018-11-23","24.820","24.035","25.170","24.035","0.06K","1.31%"
"2018-11-21","24.500","24.195","24.420","24.195","0.02K","0.62%"
"2018-11-20","24.350","24.430","24.500","24.265","0.06K","0.83%"
"2018-11-19","24.150","24.310","24.390","24.310","0.01K","-6.95%"
"2018-11-16","25.955","26.725","26.725","25.650","0.06K","-2.70%"
"2018-11-15","26.675","26.150","26.720","26.150","0.06K","1.50%"
"2018-11-14","26.280","26.260","26.475","26.260","0.03K","-0.90%"
"2018-11-13","26.520","26.235","26.580","26.235","0.09K","2.18%"
"2018-11-12","25.955","25.625","25.905","25.625","0.05K","6.70%"
"2018-11-9","24.325","24.760","24.760","24.545","0.02K","-0.43%"
"2018-11-8","24.430","24.630","24.630","24.630","0.01K","0.04%"
"2018-11-7","24.420","24.330","24.445","24.330","0.02K","2.20%"
"2018-11-6","23.895","23.625","23.770","23.625","0.02K","0.36%"
"2018-11-5","23.810","23.810","23.810","23.810","","-1.96%"
"2018-11-2","24.285","23.905","23.970","23.905","0.01K","2.68%"
"2018-11-1","23.650","23.975","23.975","23.975","0.01K","-2.81%"
"2018-10-31","24.335","24.335","24.335","24.335","","1.93%"
"2018-10-30","23.875","23.875","23.875","23.875","","-2.87%"
"2018-10-29","24.580","24.580","24.580","24.580","","1.24%"
"2018-10-26","24.280","24.280","24.280","24.280","","-2.35%"
"2018-10-25","24.865","24.865","24.865","24.865","","-1.56%"
"2018-10-24","25.260","25.260","25.260","25.260","","-1.58%"
"2018-10-23","25.665","25.665","25.665","25.665","","-1.72%"
"2018-10-22","26.115","26.115","26.115","26.115","","-2.77%"
"2018-10-19","26.860","26.860","26.860","26.860","","3.21%"
"2018-10-18","26.025","26.025","26.025","26.025","","0.33%"
"2018-10-17","25.940","25.625","25.625","25.625","0.00K","-1.48%"
"2018-10-16","26.330","26.330","26.330","26.330","0.01K","-1.11%"
"2018-10-15","26.625","27.050","27.050","27.050","0.01K","-0.02%"
"2018-10-12","26.630","26.630","26.630","26.630","","3.38%"
"2018-10-11","25.760","25.925","25.925","25.925","0.01K","-1.75%"
"2018-10-10","26.220","26.625","26.625","26.625","0.02K","-2.29%"
"2018-10-9","26.835","26.835","26.835","26.835","","-1.41%"
"2018-10-8","27.220","27.220","27.220","27.220","","-2.44%"
"2018-10-5","27.900","27.900","27.900","27.900","","1.57%"
"2018-10-4","27.470","27.470","27.470","27.470","","1.31%"
"2018-10-3","27.115","27.115","27.115","27.115","","-0.51%"
"2018-10-2","27.255","27.860","27.860","27.425","0.01K","-0.69%"
"2018-10-1","27.445","26.735","27.355","26.585","0.07K","0.42%"
"2018-9-28","27.330","27.900","27.900","27.445","0.07K","-0.89%"
"2018-9-27","27.575","27.575","27.575","27.575","","-2.42%"
"2018-9-26","28.260","28.260","28.260","28.260","","-3.32%"
"2018-9-25","29.230","29.355","29.535","28.815","0.06K","-0.05%"
"2018-9-24","29.245","29.490","29.560","29.300","0.08K","1.81%"
"2018-9-21","28.725","28.105","28.790","28.055","0.09K","0.47%"
"2018-9-20","28.590","28.830","29.070","28.595","0.10K","0.95%"
"2018-9-19","28.320","27.735","28.380","27.735","0.03K","3.32%"
"2018-9-18","27.410","27.585","27.585","27.275","0.07K","-2.37%"
"2018-9-17","28.075","28.195","28.195","27.815","0.09K","4.25%"
"2018-9-14","26.930","27.025","27.110","26.785","0.09K","0.45%"
"2018-9-13","26.810","27.335","27.375","26.655","0.09K","-2.49%"
"2018-9-12","27.495","27.640","28.145","27.460","0.07K","-4.46%"
"2018-9-11","28.780","28.270","28.650","28.250","0.02K","-1.18%"
"2018-9-10","29.125","28.590","28.775","28.540","0.03K","4.06%"
"2018-9-7","27.990","28.025","28.025","28.025","0.01K","1.95%"
"2018-9-6","27.455","27.420","27.420","27.410","0.01K","1.61%"
"2018-9-5","27.020","27.020","27.020","27.020","","1.16%"
"2018-9-4","26.710","26.965","26.965","26.665","0.05K","3.39%"
"2018-8-31","25.835","26.025","26.025","26.025","0.01K","-1.13%"
"2018-8-30","26.130","26.130","26.130","26.130","","1.01%"
"2018-8-29","25.870","25.870","25.870","25.870","","2.01%"
"2018-8-28","25.360","25.500","25.500","25.500","0.01K","-0.20%"
"2018-8-27","25.410","25.410","25.410","25.410","","1.74%"
"2018-8-24","24.975","24.875","24.895","24.875","0.01K","0.87%"
"2018-8-23","24.760","24.825","24.825","24.710","0.01K","1.27%"
"2018-8-22","24.450","24.725","24.725","24.410","0.02K","0.18%"
"2018-8-21","24.405","24.405","24.405","24.405","","0.93%"
"2018-8-20","24.180","23.915","24.180","23.820","0.02K","0.10%"
"2018-8-17","24.155","24.160","24.185","24.160","0.01K","1.34%"
"2018-8-16","23.835","23.880","23.880","23.850","0.05K","1.34%"
"2018-8-15","23.520","23.525","23.525","23.470","0.02K","-0.86%"
"2018-8-14","23.725","23.780","23.780","23.780","0.01K","0.96%"
"2018-8-13","23.500","23.500","23.500","23.500","","2.71%"
"2018-8-10","22.880","22.625","22.625","22.595","0.02K","0.73%"
"2018-8-9","22.715","22.775","22.800","22.775","0.01K","0.51%"
"2018-8-8","22.600","22.675","22.675","22.650","0.02K","-0.04%"
"2018-8-7","22.610","22.800","22.800","22.775","0.01K","0.49%"
"2018-8-6","22.500","22.500","22.500","22.500","","1.08%"
"2018-8-3","22.260","22.260","22.260","22.260","","1.48%"
"2018-8-2","21.935","22.000","22.000","22.000","0.01K","0.02%"
"2018-8-1","21.930","21.930","21.930","21.930","","-0.84%"
"2018-7-31","22.115","22.115","22.115","22.115","0.01K","0.25%"
"2018-7-30","22.060","22.060","22.060","22.060","","0.78%"
"2018-7-27","21.890","21.890","21.890","21.890","","-1.02%"
"2018-7-26","22.115","22.115","22.115","22.115","","-0.25%"
"2018-7-25","22.170","22.170","22.170","22.170","","0.34%"
"2018-7-24","22.095","22.095","22.095","22.095","","0.30%"
"2018-7-23","22.030","22.030","22.030","22.030","","0.71%"
"2018-7-20","21.875","21.875","21.875","21.875","","-1.26%"
"2018-7-19","22.155","22.300","22.300","22.300","0.01K","0.07%"
"2018-7-18","22.140","22.140","22.140","22.140","","1.33%"
"2018-7-17","21.850","21.850","21.850","21.850","","-0.77%"
"2018-7-16","22.020","22.020","22.020","22.020","","-1.10%"
"2018-7-13","22.265","22.265","22.265","22.265","","1.34%"
"2018-7-12","21.970","21.970","21.970","21.970","","-2.70%"
"2018-7-11","22.580","22.580","22.580","22.580","","-0.66%"
"2018-7-10","22.730","22.730","22.730","22.730","","0.00%"
"2018-7-9","22.730","22.730","22.730","22.730","","1.68%"
"2018-7-6","22.355","22.355","22.355","22.355","","-0.49%"
"2018-7-5","22.465","22.465","22.465","22.465","","0.92%"
"2018-7-3","22.260","22.260","22.260","22.260","","0.09%"
"2018-7-2","22.240","22.240","22.240","22.240","","1.67%"
"2018-6-29","21.875","21.875","21.875","21.875","","-0.39%"
"2018-6-28","21.960","21.960","21.960","21.960","","-0.34%"
"2018-6-27","22.035","22.035","22.035","22.035","","2.51%"
"2018-6-26","21.495","21.495","21.495","21.495","0.02K","-0.23%"
"2018-6-25","21.545","21.630","21.630","21.630","0.01K","-0.51%"
"2018-6-22","21.655","21.655","21.655","21.655","0.01K","0.51%"
"2018-6-21","21.545","21.545","21.545","21.545","","0.21%"
"2018-6-20","21.500","21.500","21.500","21.500","0.00K","-0.90%"
"2018-6-19","21.695","21.695","21.695","21.695","0.00K","-2.01%"
"2018-6-18","22.140","22.140","22.140","22.140","","1.79%"
"2018-6-15","21.750","21.750","21.750","21.750","","-2.71%"
"2018-6-14","22.355","22.355","22.355","22.355","","-0.11%"
"2018-6-13","22.380","22.380","22.380","22.380","","2.73%"
"2018-6-12","21.785","21.785","21.785","21.785","","2.04%"
"2018-6-11","21.350","21.350","21.350","21.350","","-0.88%"
"2018-6-8","21.540","21.540","21.540","21.540","","-0.58%"
"2018-6-7","21.665","21.665","21.665","21.665","","1.62%"
"2018-6-6","21.320","21.320","21.320","21.320","","-0.51%"
"2018-6-5","21.430","21.430","21.430","21.430","","-2.17%"
"2018-6-4","21.905","21.905","21.905","21.905","","0.60%"
"2018-6-1","21.775","21.775","21.775","21.775","","-3.57%"
"2018-5-31","22.580","22.580","22.580","22.580","","-1.76%"
"2018-5-30","22.985","22.985","22.985","22.985","","1.46%"
"2018-5-29","22.655","22.655","22.655","22.655","","3.90%"
"2018-5-25","21.805","22.260","22.260","22.130","0.02K","-3.92%"
"2018-5-24","22.695","22.695","22.695","22.695","","-0.09%"
"2018-5-23","22.715","22.715","22.715","22.715","","-0.83%"
"2018-5-22","22.905","22.905","22.905","22.905","","2.37%"
"2018-5-21","22.375","22.375","22.375","22.375","","1.45%"
"2018-5-18","22.055","22.055","22.055","22.055","","-1.10%"
"2018-5-17","22.300","22.300","22.300","22.300","","2.91%"
"2018-5-16","21.670","21.395","21.395","21.395","0.01K","0.60%"
"2018-5-15","21.540","21.540","21.540","21.540","0.03K","-0.39%"
"2018-5-14","21.625","21.625","21.625","21.625","","1.69%"
"2018-5-11","21.265","21.265","21.265","21.265","0.01K","1.24%"
"2018-5-10","21.005","21.005","21.005","21.005","","0.77%"
"2018-5-9","20.845","21.135","21.135","20.840","0.02K","1.19%"
"2018-5-8","20.600","20.600","20.600","20.600","","0.88%"
"2018-5-7","20.420","20.420","20.420","20.420","","0.00%"
"2018-5-4","20.420","20.420","20.420","20.420","","2.36%"
"2018-5-3","19.950","19.950","19.950","19.950","","0.43%"
"2018-5-2","19.865","19.865","19.865","19.865","","-1.14%"
"2018-5-1","20.095","20.095","20.095","20.095","","-2.26%"
"2018-4-30","20.560","20.560","20.560","20.560","","1.46%"
"2018-4-27","20.265","20.265","20.265","20.265","","0.57%"
"2018-4-26","20.150","20.150","20.150","20.150","","1.36%"
"2018-4-25","19.880","19.550","19.560","19.550","0.02K","1.04%"
"2018-4-24","19.675","19.635","19.635","19.625","0.02K","-1.08%"
"2018-4-23","19.890","19.890","19.890","19.890","","0.45%"
"2018-4-20","19.800","19.835","19.835","19.835","0.01K","-0.30%"
"2018-4-19","19.860","19.520","19.520","19.520","0.02K","2.85%"
"2018-4-18","19.310","19.310","19.310","19.310","","1.55%"
"2018-4-17","19.015","19.015","19.015","19.015","","-1.73%"
"2018-4-16","19.350","19.350","19.350","19.350","","-1.12%"
"2018-4-13","19.570","19.570","19.570","19.570","","1.85%"
"2018-4-12","19.215","19.215","19.215","19.215","","-0.21%"
"2018-4-11","19.255","19.255","19.255","19.255","","2.20%"
"2018-4-10","18.840","18.840","18.840","18.840","","1.05%"
"2018-4-9","18.645","18.645","18.645","18.645","","2.56%"
"2018-4-6","18.180","18.180","18.180","18.180","","0.28%"
"2018-4-5","18.130","18.130","18.130","18.130","","-0.30%"
"2018-4-4","18.185","18.185","18.185","18.185","","0.80%"
"2018-4-3","18.040","18.040","18.040","18.040","","-1.02%"
"2018-4-2","18.225","18.225","18.225","18.225","","0.00%"
"2018-3-29","18.225","18.225","18.225","18.225","","-0.79%"
"2018-3-28","18.370","18.370","18.370","18.370","","-0.68%"
"2018-3-27","18.495","18.495","18.495","18.495","","2.81%"
"2018-3-26","17.990","17.990","17.990","17.990","","-2.47%"
"2018-3-23","18.445","18.445","18.445","18.445","","-2.97%"
"2018-3-22","19.010","19.010","19.010","19.010","","-1.96%"
"2018-3-21","19.390","19.390","19.390","19.390","0.01K","1.12%"
"2018-3-20","19.175","19.175","19.175","19.175","","2.54%"
"2018-3-19","18.700","18.700","18.700","18.700","","0.24%"
"2018-3-16","18.655","18.655","18.655","18.655","0.03K","-0.77%"
"2018-3-15","18.800","18.800","18.800","18.800","0.01K","0.99%"
"2018-3-14","18.615","18.615","18.615","18.615","","-4.37%"
"2018-3-13","19.465","19.465","19.465","19.465","","-1.24%"
"2018-3-12","19.710","19.710","19.710","19.710","0.05K","4.07%"
"2018-3-9","18.940","18.940","18.940","18.940","0.04K","3.41%"
"2018-3-8","18.315","18.315","18.315","18.315","","2.72%"
"2018-3-7","17.830","17.830","17.830","17.830","","0.73%"
"2018-3-6","17.700","17.700","17.700","17.700","","1.06%"
"2018-3-5","17.515","17.515","17.515","17.515","","-1.63%"
"2018-3-2","17.805","17.805","17.805","17.805","","1.40%"
"2018-3-1","17.560","17.560","17.560","17.560","0.05K","1.21%"
"2018-2-28","17.350","17.350","17.350","17.350","","-9.61%"
"2018-2-27","19.195","19.195","19.195","19.195","","2.70%"
"2018-2-26","18.690","18.690","18.690","18.690","","-8.43%"
"2018-2-23","20.410","20.410","20.410","20.410","","2.36%"
"2018-2-22","19.940","19.940","19.940","19.940","","0.81%"
"2018-2-21","19.780","19.780","19.780","19.780","","0.05%"
"2018-2-20","19.770","19.770","19.770","19.770","","8.84%"
"2018-2-16","18.165","18.165","18.165","18.165","","2.11%"
"2018-2-15","17.790","17.790","17.790","17.790","","-1.58%"
"2018-2-14","18.075","18.075","18.075","18.075","","-1.26%"
"2018-2-13","18.305","18.305","18.305","18.305","","1.98%"
"2018-2-12","17.950","17.950","17.950","17.950","","0.28%"
"2018-2-9","17.900","17.900","17.900","17.900","","0.90%"
"2018-2-8","17.740","17.740","17.740","17.740","","-2.29%"
"2018-2-7","18.155","18.155","18.155","18.155","","1.54%"
"2018-2-6","17.880","17.880","17.880","17.880","","1.65%"
"2018-2-5","17.590","17.590","17.590","17.590","","-3.14%"
"2018-2-2","18.160","18.160","18.160","18.160","","0.06%"
"2018-2-1","18.150","18.150","18.150","18.150","","1.51%"
"2018-1-31","17.880","17.880","17.880","17.880","","2.70%"
"2018-1-30","17.410","17.410","17.410","17.410","","0.09%"
"2018-1-29","17.395","17.395","17.395","17.395","","-2.17%"
"2018-1-26","17.780","17.780","17.780","17.780","","0.00%"
"2018-1-25","17.780","17.780","17.780","17.780","","-0.06%"
"2018-1-24","17.790","17.790","17.790","17.790","","-2.25%"
"2018-1-23","18.200","18.200","18.200","18.200","","-1.86%"
"2018-1-22","18.545","18.545","18.545","18.545","","1.95%"
"2018-1-19","18.190","18.190","18.190","18.190","","-0.87%"
"2018-1-18","18.350","18.350","18.350","18.350","","-0.49%"
"2018-1-17","18.440","18.440","18.440","18.440","","-2.43%"
"2018-1-16","18.900","18.900","18.900","18.900","","-4.57%"
"2018-1-12","19.805","19.805","19.805","19.805","","2.51%"
"2018-1-11","19.320","19.320","19.320","19.320","","-0.03%"
"2018-1-10","19.325","19.325","19.325","19.325","","-0.57%"
"2018-1-9","19.435","19.435","19.435","19.435","","2.02%"
"2018-1-8","19.050","19.050","19.050","19.050","","0.71%"
"2018-1-5","18.915","18.915","18.915","18.915","","-1.48%"
"2018-1-4","19.200","19.200","19.200","19.200","","-0.65%"
"2018-1-3","19.325","19.325","19.325","19.325","","0.03%"
"2018-1-2","19.320","19.320","19.320","19.320","","-1.53%"
"2017-12-29","19.620","19.620","19.620","19.620","","-0.43%"
"2017-12-28","19.705","19.705","19.705","19.705","","2.68%"
"2017-12-27","19.190","19.190","19.190","19.190","","-2.42%"
"2017-12-26","19.665","19.665","19.665","19.665","","0.00%"
"2017-12-22","19.665","19.665","19.665","19.665","","-1.67%"
"2017-12-21","20.000","20.000","20.000","20.000","","-1.45%"
"2017-12-20","20.295","20.295","20.295","20.295","","1.73%"
"2017-12-19","19.950","19.950","19.950","19.950","","-2.49%"
"2017-12-18","20.460","20.460","20.460","20.460","","-2.62%"
"2017-12-15","21.010","21.010","21.010","21.010","","-0.07%"
"2017-12-14","21.025","21.025","21.025","21.025","","1.69%"
"2017-12-13","20.675","20.675","20.675","20.675","","-4.86%"
"2017-12-12","21.730","21.730","21.730","21.730","","2.82%"
"2017-12-11","21.135","21.135","21.135","21.135","","1.17%"
"2017-12-8","20.890","20.890","20.890","20.890","","-1.76%"
"2017-12-7","21.265","21.265","21.265","21.265","","0.47%"
"2017-12-6","21.165","21.165","21.165","21.165","","-1.12%"
"2017-12-5","21.405","21.405","21.405","21.405","","0.14%"
"2017-12-4","21.375","21.375","21.375","21.375","","2.81%"
"2017-12-1","20.790","20.790","20.790","20.790","","2.39%"
"2017-11-30","20.305","20.305","20.305","20.305","","-0.22%"
"2017-11-29","20.350","20.350","20.350","20.350","","0.35%"
"2017-11-28","20.280","20.280","20.280","20.280","","-1.93%"
"2017-11-27","20.680","20.680","20.680","20.680","","1.10%"
"2017-11-24","20.455","20.455","20.455","20.455","","3.83%"
"2017-11-22","19.700","19.700","19.700","19.700","","-0.71%"
"2017-11-21","19.840","19.840","19.840","19.840","","1.74%"
"2017-11-20","19.500","19.500","19.500","19.500","","2.90%"
"2017-11-17","18.950","18.950","18.950","18.950","","-1.30%"
"2017-11-16","19.200","19.200","19.200","19.200","","0.97%"
"2017-11-15","19.015","19.015","19.015","19.015","","-1.66%"
"2017-11-14","19.335","19.335","19.335","19.335","","-2.86%"
"2017-11-13","19.905","19.905","19.905","19.905","","0.43%"
"2017-11-10","19.820","19.820","19.820","19.820","","1.56%"
"2017-11-9","19.515","19.515","19.515","19.515","","0.70%"
"2017-11-8","19.380","19.380","19.380","19.380","","0.28%"
"2017-11-7","19.325","19.325","19.325","19.325","","1.66%"
"2017-11-6","19.010","19.010","19.010","19.010","","3.82%"
"2017-11-3","18.310","18.310","18.310","18.310","","-1.45%"
"2017-11-2","18.580","18.580","18.580","18.580","","0.16%"
"2017-11-1","18.550","18.550","18.550","18.550","","1.45%"
"2017-10-31","18.285","18.285","18.285","18.285","","0.97%"
"2017-10-30","18.110","18.110","18.110","18.110","","-0.22%"
"2017-10-27","18.150","18.150","18.150","18.150","","0.44%"
"2017-10-26","18.070","18.070","18.070","18.070","","-0.22%"
"2017-10-25","18.110","18.110","18.110","18.110","","0.84%"
"2017-10-24","17.960","17.960","17.960","17.960","","-0.72%"
"2017-10-23","18.090","18.090","18.090","18.090","","-78.97%"